3;12.0000000;ILE;A;3;'';''
4;13.0000000;ILE;A;4;'';''
5;13.0000000;LEU;A;5;'';''
13;12.0000000;LYS;A;13;'';''
16;13.0000000;GLN;A;16;'';''
17;12.0000000;ALA;A;17;'';''
19;12.0000000;PHE;A;19;'';''
20;15.0000000;ILE;A;20;'';''
21;12.0000000;MET;A;21;'';''
26;12.0000000;ILE;A;26;'';''
29;12.0000000;ILE;A;29;'';''
31;12.0000000;THR;A;31;'';''
35;14.0000000;LEU;A;35;'';''
38;12.0000000;ALA;A;38;'';''
39;12.0000000;VAL;A;39;'';''
53;14.0000000;MET;A;53;'';''
64;13.0000000;VAL;A;64;'';''
65;12.0000000;ILE;A;65;'';''
71;12.0000000;ARG;A;71;'';''
81;12.0000000;PHE;A;81;'';''
82;12.0000000;LEU;A;82;'';''
84;12.0000000;ASP;A;84;'';''
86;12.0000000;PHE;A;86;'';''
92;14.0000000;GLN;A;92;'';''
93;12.0000000;ALA;A;93;'';''
96;15.0000000;MET;A;96;'';''
105;12.0000000;TYR;A;105;'';''
106;12.0000000;VAL;A;106;'';''
109;15.0000000;PHE;A;109;'';''
116;12.0000000;ILE;A;116;'';''
119;16.0000000;ARG;A;119;'';''
120;12.0000000;ILE;A;120;'';''
123;13.0000000;ARG;A;123;'';''
124;12.0000000;ARG;A;124;'';''
126;12.0000000;HIS;A;126;'';''
133;13.0000000;TYR;A;133;'';''
163;12.0000000;THR;A;163;'';''
164;13.0000000;VAL;A;164;'';''
167;16.0000000;ARG;A;167;'';''
169;12.0000000;VAL;A;169;'';''
170;12.0000000;GLU;A;170;'';''
171;13.0000000;TYR;A;171;'';''
172;13.0000000;HIS;A;172;'';''
173;12.0000000;GLN;A;173;'';''
174;12.0000000;MET;A;174;'';''
178;13.0000000;LEU;A;178;'';''
179;12.0000000;ILE;A;179;'';''
181;12.0000000;TYR;A;181;'';''
182;15.0000000;TYR;A;182;'';''
205;14.0000000;VAL;A;205;'';''
209;14.0000000;LEU;A;209;'';''
217;13.0000000;ILE;B;3;'';''
218;12.0000000;ILE;B;4;'';''
219;12.0000000;LEU;B;5;'';''
220;13.0000000;LEU;B;6;'';''
227;12.0000000;LYS;B;13;'';''
230;13.0000000;GLN;B;16;'';''
231;12.0000000;ALA;B;17;'';''
233;12.0000000;PHE;B;19;'';''
234;14.0000000;ILE;B;20;'';''
240;12.0000000;ILE;B;26;'';''
243;12.0000000;ILE;B;29;'';''
249;13.0000000;LEU;B;35;'';''
250;12.0000000;ARG;B;36;'';''
252;12.0000000;ALA;B;38;'';''
253;12.0000000;VAL;B;39;'';''
267;14.0000000;MET;B;53;'';''
278;12.0000000;VAL;B;64;'';''
285;12.0000000;ARG;B;71;'';''
295;12.0000000;PHE;B;81;'';''
298;12.0000000;ASP;B;84;'';''
300;12.0000000;PHE;B;86;'';''
306;13.0000000;GLN;B;92;'';''
307;12.0000000;ALA;B;93;'';''
310;15.0000000;MET;B;96;'';''
319;12.0000000;TYR;B;105;'';''
320;12.0000000;VAL;B;106;'';''
321;12.0000000;LEU;B;107;'';''
323;14.0000000;PHE;B;109;'';''
330;14.0000000;ILE;B;116;'';''
333;16.0000000;ARG;B;119;'';''
334;12.0000000;ILE;B;120;'';''
337;13.0000000;ARG;B;123;'';''
338;12.0000000;ARG;B;124;'';''
347;14.0000000;TYR;B;133;'';''
359;13.0000000;LYS;B;145;'';''
377;12.0000000;THR;B;163;'';''
381;15.0000000;ARG;B;167;'';''
382;12.0000000;LEU;B;168;'';''
384;12.0000000;GLU;B;170;'';''
385;13.0000000;TYR;B;171;'';''
392;13.0000000;LEU;B;178;'';''
395;12.0000000;TYR;B;181;'';''
396;16.0000000;TYR;B;182;'';''
419;14.0000000;VAL;B;205;'';''
423;14.0000000;LEU;B;209;'';''
