7;0.2223970;GLY;A;7;'';''
8;0.2247464;ALA;A;8;'';''
9;0.2169485;PRO;A;9;'';''
88;0.2168892;ARG;A;88;'';''
167;0.2137677;ARG;A;167;'';''
168;0.2311984;LEU;A;168;'';''
169;0.2376399;VAL;A;169;'';''
170;0.2292980;GLU;A;170;'';''
171;0.2353972;TYR;A;171;'';''
172;0.2385192;HIS;A;172;'';''
173;0.2433264;GLN;A;173;'';''
174;0.2347422;MET;A;174;'';''
175;0.2328207;THR;A;175;'';''
176;0.2194144;ALA;A;176;'';''
232;0.2181989;GLN;B;18;'';''
339;0.2248497;VAL;B;125;'';''
340;0.2379712;HIS;B;126;'';''
341;0.2198466;ALA;B;127;'';''
342;0.2201716;PRO;B;128;'';''
343;0.2277115;SER;B;129;'';''
344;0.2251806;GLY;B;130;'';''
345;0.2374634;ARG;B;131;'';''
346;0.2168911;VAL;B;132;'';''
347;0.2192487;TYR;B;133;'';''
348;0.2143746;HIS;B;134;'';''
352;0.2171303;ASN;B;138;'';''
353;0.2192177;PRO;B;139;'';''
354;0.2243244;PRO;B;140;'';''
355;0.2208095;LYS;B;141;'';''
356;0.2294891;VAL;B;142;'';''
357;0.2209249;GLU;B;143;'';''
358;0.2271495;GLY;B;144;'';''
359;0.2342712;LYS;B;145;'';''
360;0.2429758;ASP;B;146;'';''
361;0.2263598;ASP;B;147;'';''
362;0.2396112;VAL;B;148;'';''
363;0.2416725;THR;B;149;'';''
364;0.2420719;GLY;B;150;'';''
365;0.2318973;GLU;B;151;'';''
366;0.2195507;GLU;B;152;'';''
367;0.2223230;LEU;B;153;'';''
368;0.2207871;THR;B;154;'';''
369;0.2163406;THR;B;155;'';''
