1	24.865	53.012	39.075
2	29.986	49.642	38.816
3	24.327	48.628	35.275
4	25.459	44.050	33.647
5	22.419	45.389	30.142
6	21.940	40.070	30.463
7	20.353	39.418	26.361
8	19.044	38.367	23.426
9	19.806	38.843	20.184
10	16.993	42.319	20.331
11	15.967	42.662	23.689
12	16.590	46.241	24.094
13	20.236	45.175	25.423
14	20.269	49.784	23.795
15	16.835	51.109	23.428
16	16.090	50.829	27.584
17	20.884	52.330	27.550
18	19.763	55.454	24.538
19	16.292	55.556	30.575
20	19.879	54.102	31.987
21	23.299	57.496	29.486
22	18.823	60.279	29.348
23	17.140	59.212	34.537
24	19.713	56.955	36.103
25	24.790	59.691	34.103
26	25.637	56.125	33.892
27	28.703	55.798	31.192
28	26.446	53.126	26.572
29	30.614	50.711	28.160
30	28.918	49.260	23.625
31	31.126	46.006	23.066
32	29.595	46.954	19.486
33	28.899	50.677	19.544
34	33.562	49.817	21.322
35	33.997	46.191	17.975
36	29.703	48.326	15.355
37	34.298	51.749	15.333
38	37.272	49.861	15.045
39	36.037	48.067	11.833
40	34.167	52.706	11.173
41	38.813	53.514	12.277
42	41.394	50.865	11.837
43	41.529	50.633	15.090
44	45.590	47.245	15.929
45	42.166	47.330	19.987
46	39.394	45.799	16.554
47	41.563	46.006	12.737
48	41.118	42.603	14.469
49	36.084	42.008	14.078
50	35.427	43.160	9.018
51	35.394	38.980	8.840
52	34.145	37.619	13.576
53	31.035	41.342	13.511
54	30.052	39.947	8.713
55	29.442	35.704	10.584
56	27.811	35.970	13.845
57	30.850	33.717	14.752
58	31.083	35.684	19.623
59	34.816	38.574	19.145
60	38.241	36.914	20.776
61	37.026	36.416	25.163
62	42.457	38.018	24.099
63	40.003	41.596	21.373
64	36.427	42.176	24.080
65	38.647	41.570	28.032
66	41.015	44.868	26.164
67	38.184	47.309	24.053
68	36.356	46.853	28.447
69	40.344	46.078	31.112
70	41.882	50.501	27.786
71	35.723	53.520	28.253
72	36.579	50.957	32.705
73	40.242	53.883	32.476
74	38.907	56.349	30.129
75	37.773	60.973	34.469
76	33.951	58.259	32.065
77	34.154	55.104	34.352
78	35.471	58.756	38.524
79	31.484	57.962	39.361
80	30.281	54.578	36.495
81	30.445	51.174	34.660
82	25.760	50.978	31.252
83	28.481	46.936	30.988
84	25.481	47.228	26.238
85	27.540	43.356	25.811
86	31.495	42.759	28.762
87	29.515	40.114	30.112
88	28.166	38.774	24.611
89	31.442	34.924	27.786
90	31.624	32.500	31.701
91	35.377	33.810	30.143
92	33.895	38.053	28.752
93	32.867	37.264	33.831
94	35.576	34.930	35.292
95	37.705	38.901	34.074
96	34.441	41.685	35.439
97	35.010	37.954	39.747
98	40.126	37.735	38.632
99	39.541	42.925	38.127
100	37.315	44.353	40.523
101	34.852	44.901	37.676
102	31.875	45.390	41.524
103	28.002	45.069	39.399
104	25.462	47.637	41.702
105	21.243	47.163	39.988
106	22.251	42.233	36.605
107	19.165	44.382	34.315
108	17.116	39.033	32.320
109	16.426	43.341	28.887
110	12.775	37.755	28.449
111	12.645	38.254	24.365
112	10.616	35.596	22.859
113	13.928	33.004	20.243
114	9.913	33.045	18.390
115	9.781	38.296	18.748
116	14.568	38.390	17.551
117	14.120	38.080	12.919
118	10.600	40.755	12.595
119	12.454	43.371	17.981
120	16.953	42.756	13.976
121	14.384	43.542	9.831
122	13.837	47.353	11.463
123	18.458	47.083	14.291
124	16.762	50.856	10.218
125	21.549	52.726	13.129
126	23.510	57.856	14.219
127	26.702	55.098	13.895
128	27.925	58.005	14.853
129	25.665	57.563	18.349
130	24.331	54.429	18.600
131	21.656	57.875	18.686
132	18.600	52.390	18.172
133	16.280	55.248	15.838
134	11.870	49.327	14.467
135	10.668	51.212	11.033
136	7.272	48.619	12.579
137	8.170	48.096	16.770
138	11.188	53.401	18.371
139	9.867	55.528	15.115
140	12.348	58.156	13.493
141	10.985	62.613	15.957
142	12.147	62.656	10.685
143	10.934	58.422	7.422
144	15.745	58.542	8.356
145	16.825	61.552	8.975
146	19.324	61.184	14.183
147	15.885	62.508	16.481
148	20.045	64.715	17.621
149	22.147	64.834	14.023
150	19.839	64.635	10.939
151	23.151	62.501	10.764
152	20.308	59.395	6.559
153	19.298	56.492	9.952
154	22.219	53.176	8.583
155	21.335	49.238	7.824
156	23.884	46.456	12.487
157	26.611	45.668	8.332
158	25.039	42.340	11.474
159	21.002	43.414	10.981
160	21.348	40.164	7.237
161	16.727	36.228	8.099
162	20.254	33.577	7.972
163	23.630	36.831	10.696
164	20.112	36.989	13.400
165	17.925	32.582	12.097
166	24.550	32.397	12.284
167	23.584	38.329	16.222
168	19.868	33.202	18.606
169	23.008	29.585	18.192
170	27.073	31.793	19.262
171	22.126	34.227	23.986
172	20.646	30.150	23.315
173	26.102	27.649	22.334
174	28.681	30.965	24.819
175	25.541	34.341	26.614
176	22.798	32.018	28.537
177	25.194	30.647	30.499
178	26.036	34.892	31.963
179	21.047	33.902	33.280
180	23.267	31.750	36.476
181	28.410	34.014	36.793
182	26.116	37.530	36.793
183	21.674	34.372	39.623
184	24.974	31.251	41.913
185	27.181	36.403	42.038
186	22.573	37.408	43.901
187	21.739	33.268	45.523
188	25.756	35.865	47.539
189	25.278	39.493	47.674
190	28.016	39.594	45.304
191	24.472	41.615	42.590
192	20.480	43.952	43.423
193	19.273	38.897	38.049
194	16.428	41.972	37.339
195	13.436	38.770	34.453
196	12.763	42.877	32.284
197	8.639	41.772	29.575
198	10.748	42.784	26.444
199	7.457	41.851	25.077
200	6.400	45.238	28.177
201	5.849	48.377	25.126
202	9.852	51.049	24.587
203	7.751	52.939	27.558
204	5.299	49.504	29.225
205	10.534	48.550	29.318
206	11.593	54.791	30.213
207	8.875	52.078	33.596
208	9.311	48.286	34.438
209	14.010	49.900	34.061
210	12.109	54.533	36.217
211	9.483	50.718	38.764
212	14.391	48.328	39.182
213	17.277	51.825	38.791
214	14.597	55.577	40.519
215	14.736	6.077	-0.203
216	10.305	2.868	1.008
217	15.509	2.986	5.189
218	14.234	-0.495	8.421
219	17.468	1.572	11.115
220	17.771	-3.492	12.525
221	19.532	-2.878	16.515
222	20.999	-2.702	19.556
223	20.159	-1.277	22.463
224	23.147	1.746	20.905
225	23.933	0.862	17.728
226	23.500	4.176	16.165
227	19.786	2.959	15.341
228	20.044	7.864	15.139
229	23.538	8.961	15.238
230	24.095	7.474	11.387
231	19.336	8.978	10.874
232	20.493	12.658	12.524
233	23.601	10.864	6.837
234	19.983	9.155	6.198
235	17.259	13.287	7.571
236	21.255	16.023	6.290
237	22.582	13.102	1.925
238	20.041	10.497	1.243
239	15.034	13.954	2.604
240	14.016	10.634	3.808
241	11.042	11.406	6.547
242	13.544	10.267	11.769
243	9.402	7.501	11.126
244	11.261	7.585	15.840
245	8.939	4.708	17.647
246	10.622	6.961	20.564
247	11.677	10.265	19.239
248	6.796	9.062	18.041
249	6.546	6.811	22.575
250	10.808	9.501	24.168
251	6.445	13.127	23.026
252	3.351	11.649	23.871
253	4.621	10.858	27.391
254	6.716	15.527	26.985
255	2.394	16.022	25.523
256	-0.057	13.936	26.738
257	-0.574	12.495	23.850
258	-5.170	9.771	24.319
259	-1.885	7.857	20.594
260	1.014	7.330	24.159
261	-0.753	9.137	27.811
262	-0.670	5.150	27.281
263	4.202	4.411	27.595
264	5.306	7.167	31.877
265	4.996	3.241	33.007
266	6.193	0.352	29.364
267	9.323	3.803	28.104
268	10.288	4.094	32.801
269	10.966	-0.808	32.615
270	12.573	-1.736	29.656
271	9.091	-3.693	29.767
272	8.995	-3.612	24.393
273	5.349	-0.734	23.900
274	1.857	-2.507	23.007
275	2.813	-4.500	19.069
276	-2.489	-2.092	19.439
277	0.134	1.722	21.095
278	3.636	1.217	18.082
279	1.138	-0.507	14.665
280	-0.916	3.366	15.305
281	2.069	6.029	16.750
282	3.630	4.131	12.544
283	-0.606	2.770	10.669
284	-1.604	7.932	12.399
285	4.483	10.541	10.396
286	3.077	6.614	7.219
287	-0.145	9.688	6.237
288	1.747	12.590	7.813
289	2.423	15.007	1.703
290	6.095	13.902	4.674
291	6.193	10.173	3.822
292	4.953	12.290	-1.798
293	8.965	10.452	-1.756
294	9.852	8.326	1.949
295	9.752	5.613	4.889
296	14.129	6.604	8.119
297	11.327	3.170	9.792
298	14.473	4.693	14.040
299	12.354	1.228	15.790
300	8.116	-0.223	13.400
301	10.164	-3.136	12.842
302	11.824	-2.594	18.669
303	8.157	-7.107	16.823
304	7.885	-10.808	14.077
305	4.324	-8.766	15.095
306	5.865	-4.339	14.940
307	6.730	-6.695	10.455
308	3.889	-9.288	9.908
309	1.939	-5.044	9.797
310	5.175	-3.250	7.442
311	4.246	-7.915	4.914
312	-0.555	-6.783	6.494
313	-0.180	-2.271	5.057
314	2.121	-2.259	1.907
315	4.589	-0.493	4.113
316	7.509	-2.917	0.944
317	11.673	-1.617	2.351
318	14.055	-0.145	-0.909
319	18.204	0.076	1.101
320	17.418	-3.432	5.736
321	20.538	-0.557	7.126
322	22.482	-5.133	10.890
323	23.480	-0.029	12.479
324	27.233	-5.148	14.518
325	27.340	-3.307	18.205
326	29.438	-5.240	20.551
327	26.210	-6.734	24.089
328	30.429	-6.137	25.418
329	30.364	-1.461	23.541
330	25.455	-1.134	24.860
331	26.155	0.326	29.410
332	29.569	2.837	28.824
333	27.754	3.401	22.777
334	23.171	4.233	26.763
335	25.729	6.128	30.420
336	26.596	9.379	27.684
337	21.949	8.347	25.135
338	23.846	13.272	27.546
339	18.987	14.233	24.345
340	17.559	18.790	21.221
341	14.481	16.618	23.074
342	13.288	19.096	21.075
343	15.228	17.092	17.821
344	16.448	13.938	18.925
345	19.401	17.049	17.400
346	22.155	12.021	19.720
347	24.710	15.236	20.818
348	28.610	9.916	24.365
349	30.070	13.155	27.040
350	33.055	9.904	26.734
351	32.461	7.834	22.902
352	29.504	12.326	19.413
353	31.135	15.330	21.594
354	28.877	18.512	22.059
355	30.348	22.706	18.678
356	29.291	23.806	23.285
357	29.841	20.976	27.959
358	25.421	20.897	26.778
359	24.593	23.640	25.112
360	22.092	21.589	20.149
361	25.698	21.626	17.686
362	21.594	23.121	15.553
363	19.646	25.105	18.801
364	22.037	25.863	21.738
365	18.357	24.392	22.710
366	20.682	23.010	27.940
367	21.790	18.759	25.908
368	18.646	16.313	28.273
369	19.200	12.983	30.601
370	16.616	8.660	27.014
371	13.674	9.468	31.014
372	15.396	5.279	29.619
373	19.440	6.374	29.691
374	19.239	3.902	33.870
375	23.687	-0.344	34.671
376	20.241	-2.177	35.877
377	16.949	0.212	32.299
378	20.204	-0.732	29.388
379	22.324	-4.358	32.186
380	15.791	-4.354	32.280
381	16.701	-0.927	26.932
382	20.137	-5.843	25.645
383	17.079	-9.172	27.549
384	13.065	-7.434	25.905
385	17.706	-6.880	20.451
386	19.104	-10.386	22.732
387	13.603	-12.476	24.262
388	11.153	-9.977	21.123
389	14.244	-7.468	18.209
390	16.683	-10.563	16.986
391	14.215	-12.455	15.380
392	13.465	-8.769	12.803
393	18.359	-10.191	11.609
394	16.033	-13.151	9.383
395	11.007	-10.940	8.595
396	13.474	-7.812	7.295
397	17.651	-11.983	5.407
398	13.683	-15.203	4.280
399	12.098	-10.441	2.752
400	16.689	-10.179	0.496
401	17.256	-14.569	0.604
402	13.398	-12.888	-2.271
403	13.899	-9.340	-3.277
404	11.007	-8.080	-1.554
405	14.888	-5.836	0.641
406	19.412	-4.133	-0.996
407	20.156	-7.044	5.474
408	23.085	-4.261	5.150
409	26.234	-6.146	8.833
410	27.020	-1.589	9.556
411	31.284	-1.935	12.221
412	29.263	0.209	14.797
413	32.616	-0.174	16.270
414	33.592	2.075	12.010
415	34.307	5.963	13.686
416	30.270	8.539	13.641
417	32.218	9.310	10.057
418	34.643	5.614	9.545
419	29.401	4.606	10.022
420	28.336	10.438	6.862
421	30.722	6.379	4.806
422	30.179	2.616	5.553
423	25.643	4.267	5.608
424	27.245	8.122	2.040
425	30.053	3.427	0.562
426	25.095	1.048	1.241
427	22.262	4.370	0.287
428	24.062	7.424	-3.056
