NodeId	Degree	Clustering_Coefficient	Betweenness_Centrality	Eigenvector_Centrality
B:146:_:ASP	4	0.0	7.299176051832737e-05	8.437020305817692e-09
B:149:_:THR	1	0.0	0.0	3.912114556513989e-09
B:29:_:ILE	2	0.0	7.728539348999368e-05	3.9002546600230644e-10
B:82:_:LEU	2	0.0	4.293632971666316e-05	2.3803757160911116e-10
A:131:_:ARG	2	0.0	1.2880898914998947e-05	2.3104208741233873e-05
A:146:_:ASP	3	0.0	2.3614981344164738e-05	2.3889464825440455e-05
A:125:_:VAL	1	0.0	0.0	9.039072692680192e-36
A:154:_:THR	1	0.0	0.0	9.039072692680192e-36
B:177:_:PRO	1	0.0	0.0	4.010882782441686e-20
B:181:_:TYR	2	0.0	8.587265943332632e-06	6.489744666882396e-20
B:88:_:ARG	1	0.0	0.0	1.0885664055821132e-17
B:92:_:GLN	2	0.0	1.2880898914998947e-05	1.885452321880849e-17
A:110:_:ASP	2	0.0	5.581722863166211e-05	5.162907921945577e-06
A:196:_:VAL	2	0.0	0.00010304719131999158	1.0199166278813525e-05
A:151:_:GLU	2	0.0	1.2880898914998947e-05	2.3104208741233873e-05
A:149:_:THR	1	0.0	0.0	1.0129975334871627e-05
B:125:_:VAL	1	0.0	0.0	9.039072692680192e-36
B:154:_:THR	1	0.0	0.0	9.039072692680192e-36
B:45:_:LEU	1	0.0	0.0	4.010882782441686e-20
B:49:_:ALA	2	0.0	8.587265943332632e-06	6.489744666882396e-20
A:198:_:GLY	1	0.0	0.0	2.1572320302410993e-06
B:108:_:GLU	2	0.0	0.0001288089891499895	1.0508118149685319e-10
B:196:_:VAL	2	0.0	9.445992537665895e-05	7.19988973556645e-11
A:124:_:ARG	1	0.0	0.0	9.039072692680192e-36
A:133:_:TYR	1	0.0	0.0	9.039072692680192e-36
B:84:_:ASP	2	0.0	0.00010304719131999158	5.85692597472072e-10
B:110:_:ASP	2	0.0	5.152359565999579e-05	4.4909253042610114e-11
A:88:_:ARG	1	0.0	0.0	1.2048891591721976e-08
A:92:_:GLN	4	0.0	0.00011592809023499053	2.6294515362901094e-08
A:103:_:VAL	1	0.0	0.0	9.039072692680192e-36
A:191:_:THR	1	0.0	0.0	9.039072692680192e-36
A:29:_:ILE	2	0.0	8.587265943332632e-06	6.489744666882398e-20
A:82:_:LEU	2	0.0	8.587265943332632e-06	6.489744666882398e-20
A:52:_:ILE	2	0.0	8.587265943332632e-06	6.489744666882396e-20
A:57:_:LYS	1	0.0	0.0	4.010882782441686e-20
A:30:_:SER	3	0.0	4.7229962688329476e-05	6.065087042580008e-10
B:54:_:ASP	3	0.0	6.869812754666106e-05	6.96925014744979e-10
B:184:_:LYS	2	0.0	4.293632971666316e-05	1.6090357794627433e-10
B:188:_:ALA	1	0.0	0.0	7.688377313425856e-11
A:113:_:ASP	2	0.0	6.440449457499474e-05	1.2091481855430453e-12
A:117:_:VAL	3	0.0	5.581722863166211e-05	1.2836247999655683e-12
A:126:_:HIS	4	0.0	4.0789513230830006e-05	3.059706291005231e-05
B:33:_:ASP	2	0.0	4.293632971666316e-05	5.387775332300208e-09
B:37:_:ALA	2	0.0	2.5761797829997895e-05	3.1824681383822242e-09
A:105:_:TYR	3	0.0	0.00020180074966831684	0.00012894865828829032
A:4:_:ILE	2	0.0	0.00014168988806498843	6.920123828165834e-05
A:107:_:LEU	2	0.0	0.00010304719131999158	3.667080977857949e-05
A:6:_:LEU	2	0.0	5.581722863166211e-05	1.856308732757253e-05
B:194:_:ALA	2	0.0	0.00015457078697998737	1.4690967287261995e-10
A:61:_:ASP	2	0.0	6.011086160332842e-05	1.6410461242862095e-08
A:65:_:ILE	2	0.0	3.434906377333053e-05	9.518332813041657e-09
B:117:_:VAL	2	0.0	4.293632971666316e-05	2.2755202216585922e-10
B:121:_:VAL	1	0.0	0.0	1.0873007469280648e-10
A:118:_:ASP	2	0.0	8.587265943332632e-05	1.0034726837616657e-10
A:134:_:HIS	3	0.0	8.587265943332632e-05	1.0651851005064415e-10
A:90:_:ILE	1	0.0	0.0	4.442713805691919e-14
A:94:_:ASP	3	0.0	3.005543080166421e-05	8.45054382987548e-14
B:124:_:ARG	1	0.0	0.0	2.310820173804781e-09
B:133:_:TYR	2	0.0	2.5761797829997895e-05	4.983605783481199e-09
B:167:_:ARG	2	0.0	2.146816485833158e-05	4.205091904984104e-15
B:171:_:TYR	2	0.0	3.434906377333053e-05	5.494217346953681e-15
A:71:_:ARG	3	0.0	4.7229962688329476e-05	1.986540368964679e-12
A:74:_:GLN	2	0.0	3.434906377333053e-05	1.545254092509213e-12
A:171:_:TYR	2	0.0	3.434906377333053e-05	5.494217346953673e-15
A:175:_:THR	2	0.0	3.864269674499684e-05	5.946898003053825e-15
A:45:_:LEU	1	0.0	0.0	8.375730151587237e-25
A:49:_:ALA	2	0.0	4.293632971666316e-06	1.1845071175151928e-24
B:27:_:PRO	1	0.0	0.0	1.1270767836825849e-10
A:109:_:PHE	1	0.0	0.0	7.75626588099715e-06
A:108:_:GLU	2	0.0	0.00014168988806498843	1.924677802786494e-05
A:51:_:ASP	2	0.0	8.587265943332632e-06	6.489744666882396e-20
A:55:_:ALA	1	0.0	0.0	4.010882782441686e-20
A:132:_:VAL	1	0.0	0.0	3.2777170030204626e-11
A:138:_:ASN	2	0.0	3.434906377333053e-05	6.757009834596194e-11
A:67:_:LEU	2	0.0	2.146816485833158e-05	1.3588736434310523e-12
A:205:_:VAL	2	0.0	1.2880898914998947e-05	5.041536690853528e-15
A:209:_:LEU	3	0.0	2.146816485833158e-05	6.587085126334621e-15
B:168:_:LEU	2	0.0	0.00010304719131999158	3.8293090512849753e-10
B:172:_:HIS	3	0.0	0.00017174531886665265	5.415460794844917e-10
B:179:_:ILE	2	0.0	3.434906377333053e-05	5.494217346953681e-15
B:183:_:SER	2	0.0	2.146816485833158e-05	4.205091904984104e-15
B:12:_:GLY	1	0.0	0.0	9.039072692680192e-36
B:15:_:THR	1	0.0	0.0	9.039072692680192e-36
B:104:_:ASP	1	0.0	0.0	1.0933123926497857e-10
B:2:_:ARG	2	0.0	5.152359565999579e-05	2.2776256787459614e-10
A:76:_:ASP	1	0.0	0.0	1.0085929781160307e-12
B:160:_:GLN	2	0.0	4.293632971666316e-05	1.6090357794627433e-10
B:164:_:VAL	2	0.0	7.728539348999368e-05	2.598577828596578e-10
A:204:_:GLU	1	0.0	0.0	1.0885664055821122e-17
A:208:_:ASP	2	0.0	1.2880898914998947e-05	1.8854523218808473e-17
A:114:_:GLU	2	0.0	8.587265943332632e-05	1.0034726837616657e-10
A:165:_:ARG	3	0.0	8.587265943332632e-05	1.0651851005064415e-10
A:1:_:MET	1	0.0	0.0	2.876578674880571e-16
A:81:_:PHE	2	0.0	1.7174531886665264e-05	5.183415664278778e-16
B:205:_:VAL	2	0.0	8.587265943332632e-06	6.489744666882398e-20
B:209:_:LEU	2	0.0	8.587265943332632e-06	6.489744666882398e-20
B:142:_:VAL	2	0.0	8.587265943332632e-06	6.489744666882396e-20
B:145:_:LYS	1	0.0	0.0	4.010882782441686e-20
B:90:_:ILE	1	0.0	0.0	8.375730151587237e-25
B:94:_:ASP	2	0.0	4.293632971666316e-06	1.1845071175151928e-24
B:106:_:VAL	2	0.0	0.00017174531886665265	2.0096594197316737e-10
B:134:_:HIS	3	0.0	6.440449457499474e-05	2.5741013979001525e-09
B:138:_:ASN	1	0.0	0.0	1.2052282329933277e-09
A:178:_:LEU	1	0.0	0.0	8.375730151587237e-25
A:182:_:TYR	2	0.0	4.293632971666316e-06	1.1845071175151928e-24
B:126:_:HIS	2	0.0	2.5761797829997895e-05	3.1824681383822304e-09
B:131:_:ARG	2	0.0	4.293632971666316e-05	5.387775332300217e-09
B:67:_:LEU	2	0.0	1.2880898914998947e-05	5.041536690853528e-15
B:71:_:ARG	3	0.0	2.146816485833158e-05	6.587085126334621e-15
B:107:_:LEU	2	0.0	9.445992537665895e-05	1.7895622956204416e-10
B:4:_:ILE	2	0.0	0.0001288089891499895	2.6118414917918635e-10
B:6:_:LEU	2	0.0	5.152359565999579e-05	1.1162359386495309e-10
A:201:_:PRO	1	0.0	0.0	2.728459995833892e-15
B:192:_:LYS	2	0.0	0.00018033258480998528	2.7174934346174556e-10
B:114:_:GLU	2	0.0	8.587265943332632e-05	2.574101400816957e-09
B:165:_:ARG	3	0.0	8.587265943332632e-05	2.4104564710387095e-09
A:54:_:ASP	2	0.0	2.5761797829997895e-05	4.983605783481191e-09
B:36:_:ARG	4	0.0	7.299176051832737e-05	8.437020305817677e-09
B:213:_:LEU	1	0.0	0.0	4.010882782441686e-20
B:103:_:VAL	1	0.0	0.0	9.039072692680192e-36
B:191:_:THR	1	0.0	0.0	9.039072692680192e-36
A:27:_:PRO	1	0.0	0.0	4.010882782441686e-20
A:183:_:SER	2	0.0	2.146816485833158e-05	4.205091904984098e-15
A:187:_:GLU	1	0.0	0.0	2.275779339733736e-15
A:160:_:GLN	2	0.0	3.005543080166421e-05	5.008457484573449e-13
A:164:_:VAL	2	0.0	5.152359565999579e-05	7.271152703236556e-13
B:109:_:PHE	1	0.0	0.0	5.358187057880848e-11
A:121:_:VAL	1	0.0	0.0	6.54386236219047e-13
B:31:_:THR	1	0.0	0.0	8.375730151587237e-25
B:35:_:LEU	2	0.0	4.293632971666316e-06	1.1845071175151928e-24
B:182:_:TYR	2	0.0	4.293632971666316e-06	1.1845071175151928e-24
B:186:_:ALA	1	0.0	0.0	8.375730151587237e-25
B:113:_:ASP	2	0.0	7.728539348999368e-05	3.674944008082298e-10
B:76:_:ASP	1	0.0	0.0	3.5649047817033155e-15
B:178:_:LEU	1	0.0	0.0	8.375730151587237e-25
A:18:_:GLN	1	0.0	0.0	9.039072692680192e-36
A:22:_:GLU	1	0.0	0.0	9.039072692680192e-36
A:5:_:LEU	2	0.0	1.7174531886665264e-05	5.183415664278778e-16
A:83:_:LEU	2	0.0	2.5761797829997895e-05	6.463613610945261e-16
B:1:_:MET	1	0.0	0.0	2.8765786748805725e-16
B:81:_:PHE	2	0.0	1.7174531886665264e-05	5.18341566427878e-16
B:3:_:ILE	2	0.0	2.5761797829997895e-05	6.463613610945265e-16
B:83:_:LEU	2	0.0	2.5761797829997895e-05	6.463613610945266e-16
B:185:_:GLU	2	0.0	8.587265943332632e-06	6.489744666882398e-20
B:190:_:ASN	1	0.0	0.0	4.010882782441686e-20
A:169:_:VAL	2	0.0	3.434906377333053e-05	6.757009834596194e-11
A:173:_:GLN	1	0.0	0.0	3.2777170030204626e-11
A:115:_:LEU	1	0.0	0.0	9.039072692680192e-36
A:119:_:ARG	1	0.0	0.0	9.039072692680192e-36
B:161:_:GLU	1	0.0	0.0	1.1286075198717306e-09
B:175:_:THR	2	0.0	3.864269674499684e-05	5.946898003053834e-15
B:204:_:GLU	1	0.0	0.0	4.442713805691919e-14
B:208:_:ASP	3	0.0	3.005543080166421e-05	8.45054382987548e-14
A:35:_:LEU	3	0.0	1.2880898914998947e-05	2.3906577488962033e-17
A:38:_:ALA	1	0.0	0.0	1.3802468948654876e-17
A:31:_:THR	1	0.0	0.0	1.3802468948654876e-17
B:156:_:ARG	1	0.0	0.0	8.375730151587237e-25
B:159:_:ASP	2	0.0	4.293632971666316e-06	1.1845071175151928e-24
B:17:_:ALA	2	0.0	4.293632971666316e-06	1.1845071175151928e-24
B:21:_:MET	1	0.0	0.0	8.375730151587237e-25
B:68:_:VAL	2	0.0	8.587265943332632e-06	6.489744666882396e-20
B:72:_:ILE	1	0.0	0.0	4.010882782441686e-20
A:50:_:LYS	1	0.0	0.0	2.3108201738047767e-09
A:161:_:GLU	1	0.0	0.0	5.167041932391493e-11
A:104:_:ASP	2	0.0	3.005543080166421e-05	0.00010003411439070796
A:2:_:ARG	3	0.0	6.65513110608279e-05	0.00011591309904052608
A:167:_:ARG	2	0.0	2.146816485833158e-05	4.205091904984097e-15
A:106:_:VAL	2	0.0	0.00019321348372498422	6.658705742148504e-05
A:194:_:ALA	2	0.0	0.00017174531886665265	3.586418776076101e-05
A:60:_:THR	1	0.0	0.0	4.010882782441686e-20
A:64:_:VAL	2	0.0	8.587265943332632e-06	6.489744666882396e-20
A:192:_:LYS	3	0.0	0.00021682846506914895	0.00012349875579489524
B:5:_:LEU	2	0.0	1.7174531886665264e-05	5.18341566427878e-16
B:91:_:PRO	1	0.0	0.0	8.375730151587237e-25
B:95:_:ALA	2	0.0	4.293632971666316e-06	1.1845071175151928e-24
A:130:_:GLY	1	0.0	0.0	1.2974233406362243e-05
A:89:_:THR	2	0.0	7.728539348999368e-05	1.6874754906583527e-08
A:93:_:ALA	2	0.0	6.011086160332842e-05	1.053156932369314e-08
B:74:_:GLN	1	0.0	0.0	3.5649047817033155e-15
A:43:_:SER	1	0.0	0.0	4.010882782441686e-20
A:47:_:LYS	2	0.0	8.587265943332632e-06	6.489744666882398e-20
A:3:_:ILE	2	0.0	2.5761797829997895e-05	6.463613610945261e-16
B:176:_:ALA	2	0.0	0.00010304719131999158	3.829309051284975e-10
B:85:_:GLY	1	0.0	0.0	2.8765786748805725e-16
A:202:_:VAL	1	0.0	0.0	9.058669146109167e-15
A:206:_:ARG	2	0.0	2.5761797829997895e-05	1.702472910147954e-14
A:95:_:ALA	2	0.0	4.293632971666316e-06	1.1845071175151928e-24
A:99:_:ALA	1	0.0	0.0	8.375730151587237e-25
A:168:_:LEU	2	0.0	6.440449457499474e-05	9.254421138266702e-13
A:172:_:HIS	2	0.0	6.869812754666106e-05	1.0882047025119038e-12
B:169:_:VAL	2	0.0	3.434906377333053e-05	1.4454938838620309e-09
B:173:_:GLN	1	0.0	0.0	6.767993062862817e-10
B:25:_:GLY	1	0.0	0.0	9.039072692680192e-36
B:79:_:ASN	1	0.0	0.0	9.039072692680192e-36
A:213:_:LEU	1	0.0	0.0	3.5649047817033155e-15
A:186:_:ALA	1	0.0	0.0	8.375730151587237e-25
B:44:_:GLU	2	0.0	1.2880898914998947e-05	1.8854523218808476e-17
B:48:_:GLN	2	0.0	1.7174531886665264e-05	2.177132811164225e-17
B:105:_:TYR	3	0.0	0.0002146816485833158	3.6515150806377034e-10
B:162:_:GLU	1	0.0	0.0	4.010882782441686e-20
B:166:_:LYS	2	0.0	8.587265943332632e-06	6.489744666882396e-20
A:85:_:GLY	1	0.0	0.0	2.876578674880571e-16
B:101:_:ILE	1	0.0	0.0	9.039072692680192e-36
B:96:_:MET	1	0.0	0.0	9.039072692680192e-36
B:63:_:LEU	1	0.0	0.0	2.728459995833892e-15
B:115:_:LEU	1	0.0	0.0	9.039072692680192e-36
B:119:_:ARG	1	0.0	0.0	9.039072692680192e-36
B:98:_:GLU	1	0.0	0.0	8.375730151587237e-25
B:212:_:ILE	1	0.0	0.0	4.442713805691919e-14
A:12:_:GLY	1	0.0	0.0	9.039072692680192e-36
A:15:_:THR	1	0.0	0.0	9.039072692680192e-36
B:187:_:GLU	1	0.0	0.0	2.2757793397337395e-15
A:17:_:ALA	2	0.0	4.293632971666316e-06	1.1845071175151928e-24
A:21:_:MET	1	0.0	0.0	8.375730151587237e-25
A:84:_:ASP	1	0.0	0.0	4.010882782441686e-20
B:50:_:LYS	2	0.0	2.5761797829997895e-05	4.2886641762949875e-10
A:69:_:LYS	1	0.0	0.0	4.361569651140117e-09
A:68:_:VAL	2	0.0	8.587265943332632e-06	6.489744666882398e-20
A:72:_:ILE	1	0.0	0.0	4.010882782441686e-20
A:34:_:MET	1	0.0	0.0	2.886757930644395e-10
A:14:_:GLY	1	0.0	0.0	8.375730151587237e-25
A:163:_:THR	1	0.0	0.0	2.275779339733736e-15
B:64:_:VAL	2	0.0	8.587265943332632e-06	6.489744666882398e-20
B:151:_:GLU	1	0.0	0.0	3.912114556513989e-09
B:46:_:GLY	1	0.0	0.0	2.0412461084026974e-10
A:156:_:ARG	1	0.0	0.0	1.0885664055821125e-17
B:11:_:ALA	1	0.0	0.0	9.039072692680192e-36
B:8:_:ALA	1	0.0	0.0	9.039072692680192e-36
A:100:_:GLY	1	0.0	0.0	2.799078737722007e-09
A:97:_:LYS	2	0.0	3.434906377333053e-05	6.108480461519182e-09
B:65:_:ILE	2	0.0	1.2880898914998947e-05	1.885452321880849e-17
B:69:_:LYS	1	0.0	0.0	1.0885664055821132e-17
A:129:_:SER	1	0.0	0.0	1.2974233406362243e-05
B:129:_:SER	1	0.0	0.0	1.4756607757862282e-09
B:112:_:PRO	1	0.0	0.0	9.039072692680192e-36
B:116:_:ILE	1	0.0	0.0	9.039072692680192e-36
B:206:_:ARG	3	0.0	8.157902646166001e-05	8.237301552787142e-10
B:210:_:GLU	1	0.0	0.0	3.9002545803344725e-10
B:52:_:ILE	2	0.0	1.2880898914998947e-05	1.8854523218808476e-17
B:57:_:LYS	1	0.0	0.0	1.0885664055821125e-17
A:185:_:GLU	2	0.0	1.7174531886665264e-05	5.222723310283756e-14
A:190:_:ASN	1	0.0	0.0	2.7457481342060018e-14
A:66:_:ALA	2	0.0	4.293632971666316e-06	1.1845071175151928e-24
A:70:_:GLU	1	0.0	0.0	8.375730151587237e-25
A:112:_:PRO	1	0.0	0.0	9.039072692680192e-36
A:116:_:ILE	1	0.0	0.0	9.039072692680192e-36
B:14:_:GLY	1	0.0	0.0	8.375730151587237e-25
A:181:_:TYR	2	0.0	2.5761797829997895e-05	7.188461939897921e-14
B:93:_:ALA	2	0.0	4.293632971666316e-06	1.1845071175151928e-24
B:97:_:LYS	1	0.0	0.0	8.375730151587237e-25
B:118:_:ASP	3	0.0	9.875355834832527e-05	3.0872557722729376e-09
A:137:_:PHE	1	0.0	0.0	5.167041932391493e-11
B:202:_:VAL	2	0.0	0.00010304719131999158	9.596595428020638e-10
A:63:_:LEU	1	0.0	0.0	6.899182298650159e-13
A:210:_:GLU	2	0.0	4.293632971666316e-05	2.2937355468969696e-14
A:214:_:GLY	2	0.0	5.152359565999579e-05	2.6083398247588708e-14
A:179:_:ILE	2	0.0	3.434906377333053e-05	5.494217346953673e-15
A:98:_:GLU	1	0.0	0.0	4.442713805691919e-14
B:53:_:MET	2	0.0	8.587265943332632e-06	6.489744666882398e-20
B:18:_:GLN	1	0.0	0.0	9.039072692680192e-36
B:22:_:GLU	1	0.0	0.0	9.039072692680192e-36
B:170:_:GLU	2	0.0	8.587265943332632e-06	6.489744666882398e-20
B:198:_:GLY	1	0.0	0.0	2.1557493605619427e-11
A:166:_:LYS	1	0.0	0.0	8.375730151587237e-25
A:170:_:GLU	2	0.0	4.293632971666316e-06	1.1845071175151928e-24
A:20:_:ILE	2	0.0	4.293632971666316e-05	2.2937355468969696e-14
A:24:_:TYR	2	0.0	5.152359565999579e-05	2.6083398247588708e-14
A:157:_:LYS	1	0.0	0.0	2.55328961745755e-13
B:13:_:LYS	2	0.0	0.00012022172320665685	8.469518724026645e-10
B:32:_:GLY	1	0.0	0.0	3.912114556513983e-09
B:163:_:THR	1	0.0	0.0	2.2757793397337395e-15
B:180:_:GLY	2	0.0	7.728539348999368e-05	2.598577828596577e-10
B:201:_:PRO	1	0.0	0.0	4.010882782441686e-20
A:102:_:ASN	1	0.0	0.0	4.843228927309437e-05
B:30:_:SER	1	0.0	0.0	8.375730151587237e-25
B:34:_:MET	2	0.0	4.293632971666316e-06	1.1845071175151928e-24
B:144:_:GLY	1	0.0	0.0	9.039072692680192e-36
B:153:_:LEU	1	0.0	0.0	9.039072692680192e-36
B:16:_:GLN	3	0.0	0.00016315805292332002	1.2030619100853222e-09
B:61:_:ASP	2	0.0	1.7174531886665264e-05	2.177132811164226e-17
A:211:_:LYS	2	0.0	1.7174531886665264e-05	2.1771328111642248e-17
B:211:_:LYS	2	0.0	2.5761797829997895e-05	7.188461939897921e-14
B:89:_:THR	1	0.0	0.0	8.375730151587237e-25
B:141:_:LYS	1	0.0	0.0	4.010882782441686e-20
B:147:_:ASP	2	0.0	8.587265943332632e-06	6.489744666882398e-20
B:20:_:ILE	2	0.0	4.293632971666316e-05	7.34244194034406e-10
B:24:_:TYR	1	0.0	0.0	3.476550258629608e-10
A:120:_:ILE	1	0.0	0.0	6.54386236219047e-13
A:77:_:CYS	2	0.0	2.146816485833158e-05	1.0570160523891545e-12
A:44:_:GLU	1	0.0	0.0	4.010882782441686e-20
A:48:_:GLN	2	0.0	8.587265943332632e-06	6.489744666882398e-20
B:207:_:ALA	2	0.0	1.7174531886665264e-05	5.222723310283755e-14
B:60:_:THR	1	0.0	0.0	4.010882782441686e-20
A:180:_:GLY	2	0.0	4.293632971666316e-06	1.1845071175151928e-24
A:184:_:LYS	1	0.0	0.0	8.375730151587237e-25
A:53:_:MET	1	0.0	0.0	8.375730151587237e-25
A:141:_:LYS	1	0.0	0.0	9.039072692680192e-36
A:147:_:ASP	1	0.0	0.0	9.039072692680192e-36
B:174:_:MET	1	0.0	0.0	4.010882782441686e-20
B:56:_:GLY	1	0.0	0.0	4.010882782441686e-20
A:176:_:ALA	1	0.0	0.0	8.375730151587237e-25
A:96:_:MET	1	0.0	0.0	1.2048891591721976e-08
A:212:_:ILE	1	0.0	0.0	3.5649047817033155e-15
B:41:_:SER	1	0.0	0.0	1.4756607757862258e-09
B:38:_:ALA	1	0.0	0.0	8.375730151587237e-25
A:16:_:GLN	2	0.0	2.5761797829997895e-05	1.7024729101479544e-14
A:32:_:GLY	1	0.0	0.0	2.0412461084026974e-10
A:36:_:ARG	2	0.0	2.5761797829997895e-05	4.2886641762949875e-10
A:13:_:LYS	1	0.0	0.0	9.058669146109167e-15
A:144:_:GLY	1	0.0	0.0	9.039072692680192e-36
A:153:_:LEU	1	0.0	0.0	9.039072692680192e-36
A:11:_:ALA	1	0.0	0.0	9.039072692680192e-36
A:8:_:ALA	1	0.0	0.0	9.039072692680192e-36
A:203:_:ALA	1	0.0	0.0	1.0885664055821125e-17
A:207:_:ALA	2	0.0	1.2880898914998947e-05	1.8854523218808476e-17
B:203:_:ALA	1	0.0	0.0	2.7457481342060015e-14
B:99:_:ALA	1	0.0	0.0	8.375730151587237e-25
A:62:_:GLU	1	0.0	0.0	8.375730151587237e-25
A:80:_:GLY	1	0.0	0.0	5.366611143931822e-13
B:123:_:ARG	1	0.0	0.0	8.375730151587237e-25
B:39:_:VAL	1	0.0	0.0	8.375730151587237e-25
A:91:_:PRO	1	0.0	0.0	8.375730151587237e-25
B:47:_:LYS	1	0.0	0.0	9.039072692680192e-36
B:51:_:ASP	1	0.0	0.0	9.039072692680192e-36
B:137:_:PHE	1	0.0	0.0	1.2052282329933277e-09
A:39:_:VAL	1	0.0	0.0	1.3802468948654876e-17
A:33:_:ASP	1	0.0	0.0	2.886757930644395e-10
B:157:_:LYS	1	0.0	0.0	7.688377313425857e-11
A:174:_:MET	1	0.0	0.0	8.375730151587237e-25
B:62:_:GLU	1	0.0	0.0	9.039072692680192e-36
B:66:_:ALA	1	0.0	0.0	9.039072692680192e-36
B:40:_:LYS	1	0.0	0.0	3.912114556513983e-09
B:122:_:GLY	1	0.0	0.0	1.4454938809452264e-09
NH1_4631_4632:71:_:ARG	1	0.0	0.0	9.039072692680192e-36
OD1_4713_4714:76:_:ASP	1	0.0	0.0	9.039072692680192e-36
NH1_1074_1075:71:_:ARG	1	0.0	0.0	9.039072692680192e-36
OD1_1156_1157:76:_:ASP	1	0.0	0.0	9.039072692680192e-36
NE2_6252:172:_:HIS	1	0.0	0.0	9.039072692680192e-36
OD1_5277_5278:113:_:ASP	1	0.0	0.0	9.039072692680192e-36
NE2_2695:172:_:HIS	1	0.0	0.0	9.039072692680192e-36
OD1_1720_1721:113:_:ASP	1	0.0	0.0	9.039072692680192e-36
NZ_6665:200:_:LYS	2	0.0	8.587265943332632e-06	6.489744666882398e-20
OD1_6790_6791:208:_:ASP	2	0.0	8.587265943332632e-06	6.489744666882398e-20
NZ_3108:200:_:LYS	2	0.0	8.587265943332632e-06	6.489744666882398e-20
OD1_3233_3234:208:_:ASP	2	0.0	8.587265943332632e-06	6.489744666882398e-20
NE2_1950:126:_:HIS	2	0.0	8.587265943332632e-06	6.489744666882396e-20
OE1_2324_2325:151:_:GLU	1	0.0	0.0	4.010882782441686e-20
NZ_1474:97:_:LYS	1	0.0	0.0	9.039072692680192e-36
OE1_2898_2899:185:_:GLU	1	0.0	0.0	9.039072692680192e-36
NZ_5031:97:_:LYS	1	0.0	0.0	9.039072692680192e-36
OE1_6455_6456:185:_:GLU	1	0.0	0.0	9.039072692680192e-36
NZ_3739:13:_:LYS	1	0.0	0.0	9.039072692680192e-36
OD1_4839_4840:84:_:ASP	1	0.0	0.0	9.039072692680192e-36
NH1_6107_6108:165:_:ARG	2	0.0	4.293632971666316e-06	1.1845071175151928e-24
OE1_5290_5291:114:_:GLU	1	0.0	0.0	8.375730151587237e-25
NH1_4097_4098:36:_:ARG	1	0.0	0.0	8.375730151587237e-25
OD1_808_809:54:_:ASP	2	0.0	4.293632971666316e-06	1.1845071175151928e-24
NZ_6594:195:_:LYS	1	0.0	0.0	9.039072692680192e-36
OE1_5201_5202:108:_:GLU	1	0.0	0.0	9.039072692680192e-36
NH1_2550_2551:165:_:ARG	2	0.0	4.293632971666316e-06	1.1845071175151928e-24
OE1_1733_1734:114:_:GLU	1	0.0	0.0	8.375730151587237e-25
NZ_6130:166:_:LYS	1	0.0	0.0	9.039072692680192e-36
OE1_6060_6061:162:_:GLU	1	0.0	0.0	9.039072692680192e-36
NH1_2005_2006:131:_:ARG	1	0.0	0.0	4.010882782441686e-20
OD1_2262_2263:146:_:ASP	2	0.0	8.587265943332632e-06	6.489744666882398e-20
NH1_2403_2404:156:_:ARG	1	0.0	0.0	9.039072692680192e-36
OE1_4206_4207:44:_:GLU	1	0.0	0.0	9.039072692680192e-36
NZ_2573:166:_:LYS	1	0.0	0.0	9.039072692680192e-36
OE1_2503_2504:162:_:GLU	1	0.0	0.0	9.039072692680192e-36
NZ_182:13:_:LYS	1	0.0	0.0	9.039072692680192e-36
OD1_1282_1283:84:_:ASP	1	0.0	0.0	9.039072692680192e-36
OE1_3169_3170:204:_:GLU	1	0.0	0.0	4.010882782441686e-20
NH1_1882_1883:123:_:ARG	1	0.0	0.0	9.039072692680192e-36
OD1_2458_2459:159:_:ASP	1	0.0	0.0	9.039072692680192e-36
OE1_6045_6046:161:_:GLU	1	0.0	0.0	8.375730151587237e-25
OE1_2488_2489:161:_:GLU	1	0.0	0.0	8.375730151587237e-25
NH1_5562_5563:131:_:ARG	1	0.0	0.0	4.010882782441686e-20
OD1_5819_5820:146:_:ASP	2	0.0	8.587265943332632e-06	6.489744666882396e-20
NZ_6838:211:_:LYS	1	0.0	0.0	4.010882782441686e-20
NZ_3281:211:_:LYS	1	0.0	0.0	4.010882782441686e-20
OE1_6726_6727:204:_:GLU	1	0.0	0.0	4.010882782441686e-20
NH1_540_541:36:_:ARG	1	0.0	0.0	8.375730151587237e-25
OD1_4365_4366:54:_:ASP	2	0.0	4.293632971666316e-06	1.1845071175151928e-24
NE2_5507:126:_:HIS	2	0.0	8.587265943332632e-06	6.489744666882398e-20
NH1_5439_5440:123:_:ARG	1	0.0	0.0	4.010882782441686e-20
OD1_6015_6016:159:_:ASP	2	0.0	8.587265943332632e-06	6.489744666882396e-20
NH1_6759_6760:206:_:ARG	1	0.0	0.0	9.039072692680192e-36
OE1_6822_6823:210:_:GLU	1	0.0	0.0	9.039072692680192e-36
OE1_5881_5882:151:_:GLU	1	0.0	0.0	4.010882782441686e-20
NH1_5960_5961:156:_:ARG	2	0.0	8.587265943332632e-06	6.489744666882398e-20
NZ_740:50:_:LYS	1	0.0	0.0	8.375730151587237e-25
NZ_3037:195:_:LYS	1	0.0	0.0	9.039072692680192e-36
OE1_1644_1645:108:_:GLU	1	0.0	0.0	9.039072692680192e-36
NZ_2242:145:_:LYS	1	0.0	0.0	9.039072692680192e-36
OE1_2339_2340:152:_:GLU	1	0.0	0.0	9.039072692680192e-36
NZ_2984:192:_:LYS	1	0.0	0.0	9.039072692680192e-36
OD1_1575_1576:104:_:ASP	1	0.0	0.0	9.039072692680192e-36
OE1_649_650:44:_:GLU	1	0.0	0.0	4.010882782441686e-20
NZ_4297:50:_:LYS	1	0.0	0.0	8.375730151587237e-25
B:19:_:PHE	1	0.0	0.0	3.9002545803344725e-10
CE2_4784:81:_:PHE	1	0.0	0.0	9.039072692680192e-36
CG_3581:2:_:ARG	1	0.0	0.0	9.039072692680192e-36
CD1_106:6:_:LEU	2	0.0	8.587265943332632e-06	6.489744666882396e-20
CD1_2797:179:_:ILE	1	0.0	0.0	4.010882782441686e-20
CD1_2353:153:_:LEU	1	0.0	0.0	9.039072692680192e-36
CD2_2043:133:_:TYR	1	0.0	0.0	9.039072692680192e-36
CD1_5910:153:_:LEU	2	0.0	8.587265943332632e-06	6.489744666882396e-20
CD2_5600:133:_:TYR	1	0.0	0.0	4.010882782441686e-20
CD_5653:136:_:LYS	1	0.0	0.0	9.039072692680192e-36
CG2_5637:135:_:VAL	1	0.0	0.0	9.039072692680192e-36
CD1_3607:3:_:ILE	2	0.0	8.587265943332632e-06	6.489744666882396e-20
CG_3562:1:_:MET	1	0.0	0.0	4.010882782441686e-20
CD2_3664:6:_:LEU	1	0.0	0.0	0.0006046290735509817
CG2_3625:4:_:ILE	2	0.0	2.146816485833158e-05	0.0014961491720333487
CB_1421:93:_:ALA	3	0.0	0.00020180074966831684	3.979670775017527e-05
OH_2848:182:_:TYR	2	0.0	0.0002146816485833158	5.191847981253354e-05
CD_2096:136:_:LYS	1	0.0	0.0	9.039072692680192e-36
CG2_2080:135:_:VAL	1	0.0	0.0	9.039072692680192e-36
CB_4978:93:_:ALA	3	0.0	0.00012451535617832317	0.13204154723401523
OH_6405:182:_:TYR	2	0.0	0.00013739625509332211	0.2343344241678201
CD1_50:3:_:ILE	2	0.0	9.445992537665895e-05	7.239476230883421e-06
CG_5:1:_:MET	2	0.0	5.152359565999579e-05	3.8030662164423946e-06
CE1_1589:105:_:TYR	1	0.0	0.0	9.039072692680192e-36
SD_6:1:_:MET	1	0.0	0.0	9.039072692680192e-36
CG1_2201:142:_:VAL	1	0.0	0.0	9.039072692680192e-36
CG_2239:145:_:LYS	1	0.0	0.0	9.039072692680192e-36
CD1_4528:65:_:ILE	2	0.0	2.5761797829997895e-05	3.259785546769048e-12
CG_5011:96:_:MET	1	0.0	0.0	1.6388706784374234e-12
CG2_2796:179:_:ILE	1	0.0	0.0	9.039072692680192e-36
OH_3009:193:_:TYR	1	0.0	0.0	9.039072692680192e-36
CG2_6353:179:_:ILE	1	0.0	0.0	9.039072692680192e-36
OH_6566:193:_:TYR	1	0.0	0.0	9.039072692680192e-36
CD2_1264:83:_:LEU	3	0.0	0.00011592809023499053	4.485188841988089e-05
CE_1456:96:_:MET	3	0.0	0.0002404434464133137	6.885738889042519e-05
CD1_773:52:_:ILE	1	0.0	0.0	8.375730151587237e-25
CD1_935:63:_:LEU	2	0.0	4.293632971666316e-06	1.1845071175151928e-24
CD1_69:4:_:ILE	4	0.0	0.00031772883990330736	8.359871312416749e-05
CG1_4510:64:_:VAL	2	0.0	2.5761797829997895e-05	2.014658263958098e-12
CZ_4862:86:_:PHE	1	0.0	0.0	1.0128777824528225e-12
CD1_971:65:_:ILE	1	0.0	0.0	8.375730151587237e-25
CZ_1305:86:_:PHE	2	0.0	4.293632971666316e-06	1.1845071175151928e-24
CD2_6878:213:_:LEU	2	0.0	1.7174531886665264e-05	3.788377167231153e-05
CG_5143:105:_:TYR	1	0.0	0.0	1.5918366281059962e-05
CB_4126:38:_:ALA	1	0.0	0.0	9.039072692680192e-36
CD2_4557:67:_:LEU	1	0.0	0.0	9.039072692680192e-36
CD1_2777:178:_:LEU	3	0.0	0.00011592809023499053	2.592252693439811e-05
CE2_2846:182:_:TYR	1	0.0	0.0	1.0906873104688849e-05
CG1_1558:103:_:VAL	1	0.0	0.0	3.517406127392501e-05
CD1_4801:82:_:LEU	2	0.0	2.5761797829997895e-05	6.463613610945267e-16
CG2_3606:3:_:ILE	2	0.0	2.5761797829997895e-05	6.463613610945267e-16
CE1_3826:19:_:PHE	1	0.0	0.0	9.039072692680192e-36
CG_6755:206:_:ARG	1	0.0	0.0	9.039072692680192e-36
CD1_4820:83:_:LEU	1	0.0	0.0	8.375730151587237e-25
CG2_3995:29:_:ILE	2	0.0	4.293632971666316e-06	1.1845071175151928e-24
CD1_3626:4:_:ILE	3	0.3333333333333333	0.00015027715400832105	0.47904552580044407
CE2_1227:81:_:PHE	2	0.0	3.005543080166421e-05	1.0175950517928939e-10
CG2_1095:72:_:ILE	2	0.0	5.152359565999579e-05	1.6323387922736844e-10
CD2_3321:213:_:LEU	4	0.0	0.00022756254749831475	1.3081859541288904e-05
CG_1586:105:_:TYR	1	0.0	0.0	5.6088992443441995e-06
CG2_5394:120:_:ILE	1	0.0	0.0	9.039072692680192e-36
CG2_6088:164:_:VAL	1	0.0	0.0	9.039072692680192e-36
CB_130:8:_:ALA	3	0.3333333333333333	2.5761797829997895e-05	0.00010657687972040694
CE2_2670:171:_:TYR	1	0.0	0.0	4.455546759618512e-05
CB_987:66:_:ALA	1	0.0	0.0	9.039072692680192e-36
CD1_663:45:_:LEU	1	0.0	0.0	9.039072692680192e-36
CD_738:50:_:LYS	1	0.0	0.0	9.039072692680192e-36
CG1_580:39:_:VAL	1	0.0	0.0	9.039072692680192e-36
CE1_3919:24:_:TYR	1	0.0	0.0	9.039072692680192e-36
CE_3564:1:_:MET	1	0.0	0.0	9.039072692680192e-36
CG1_5115:103:_:VAL	3	0.3333333333333333	4.7229962688329476e-05	0.46334152924902783
CE1_6381:181:_:TYR	1	0.0	0.0	0.05063415886653314
CD1_5144:105:_:TYR	1	0.0	0.0	9.039072692680192e-36
SD_3563:1:_:MET	1	0.0	0.0	9.039072692680192e-36
CE_502:34:_:MET	2	0.0	1.2880898914998947e-05	1.8854523218808476e-17
CG2_1018:68:_:VAL	2	0.0	1.7174531886665264e-05	2.177132811164225e-17
CD2_6401:182:_:TYR	2	1.0	0.0	0.0023066846697698978
CG1_5164:106:_:VAL	4	0.16666666666666666	4.7229962688329476e-05	0.003097578516020594
CG_24:2:_:ARG	1	0.0	0.0	4.88296844371235e-11
CD2_6380:181:_:TYR	1	0.0	0.0	9.039072692680192e-36
CG2_4930:90:_:ILE	1	0.0	0.0	9.039072692680192e-36
CB_3687:8:_:ALA	3	0.3333333333333333	2.5761797829997895e-05	0.00010657687972040693
CD1_5324:116:_:ILE	3	0.3333333333333333	5.152359565999579e-05	0.00011693546907770752
CG1_5246:111:_:VAL	1	0.0	0.0	9.039072692680192e-36
CG1_5322:116:_:ILE	1	0.0	0.0	9.039072692680192e-36
CG1_1689:111:_:VAL	1	0.0	0.0	9.039072692680192e-36
CG1_1765:116:_:ILE	1	0.0	0.0	9.039072692680192e-36
CG2_1526:101:_:ILE	2	0.0	6.011086160332842e-05	3.520377601580492e-05
CE_4059:34:_:MET	2	0.0	4.293632971666316e-05	2.9943657279221305e-12
CG2_4575:68:_:VAL	2	0.0	5.152359565999579e-05	3.941266294354063e-12
CD1_1658:109:_:PHE	1	0.0	0.0	9.039072692680192e-36
CG1_3056:196:_:VAL	1	0.0	0.0	9.039072692680192e-36
CE2_4861:86:_:PHE	3	0.0	6.011086160332842e-05	4.8449855225006e-12
CD2_6803:209:_:LEU	2	1.0	0.0	5.351109666204202e-12
CG2_6614:196:_:VAL	2	1.0	0.0	5.351109666204202e-12
CD2_4782:81:_:PHE	1	0.0	0.0	8.92015352273248e-14
CG2_4652:72:_:ILE	2	0.0	2.146816485833158e-05	1.7232413324132964e-13
CD1_6334:178:_:LEU	2	0.0	4.7229962688329476e-05	0.05936359481241873
CD1_1244:82:_:LEU	1	0.0	0.0	8.375730151587237e-25
CG2_49:3:_:ILE	2	0.0	4.293632971666316e-06	1.1845071175151928e-24
CD2_2618:168:_:LEU	2	1.0	0.0	9.344144096118402e-05
CD1_2843:182:_:TYR	1	0.0	0.0	1.7982961540797567e-05
CG2_1608:106:_:VAL	2	0.0	6.011086160332842e-05	4.2740371416743966e-05
CG1_4137:39:_:VAL	1	0.0	0.0	9.039072692680192e-36
CG_4294:50:_:LYS	1	0.0	0.0	9.039072692680192e-36
CD1_4492:63:_:LEU	3	0.0	2.146816485833158e-05	2.8400189036312697e-07
CG1_4434:59:_:VAL	2	0.0	4.293632971666316e-06	2.2775183292209993e-07
CB_3718:11:_:ALA	3	0.0	6.011086160332842e-05	7.969184947968593e-05
CG2_5247:111:_:VAL	2	0.0	2.5761797829997895e-05	4.037186711756123e-05
CD2_3246:209:_:LEU	2	1.0	0.0	5.966439049174005e-06
CG2_3057:196:_:VAL	2	1.0	0.0	5.966439049174005e-06
CB_161:11:_:ALA	3	0.0	6.011086160332842e-05	7.969184947968595e-05
CG2_1690:111:_:VAL	2	0.0	2.5761797829997895e-05	4.0371867117561236e-05
CD1_1624:107:_:LEU	1	0.0	0.0	8.375730151587237e-25
CB_5000:95:_:ALA	1	0.0	0.0	9.039072692680192e-36
CG1_4526:65:_:ILE	1	0.0	0.0	9.039072692680192e-36
CG2_1837:120:_:ILE	1	0.0	0.0	9.039072692680192e-36
CG2_2531:164:_:VAL	1	0.0	0.0	9.039072692680192e-36
CD1_1767:116:_:ILE	3	0.3333333333333333	5.152359565999579e-05	0.00011693546907770754
CB_3795:17:_:ALA	2	0.0	4.293632971666316e-06	1.1845071175151928e-24
CD2_4802:82:_:LEU	1	0.0	0.0	8.375730151587237e-25
CG2_438:29:_:ILE	2	0.0	4.293632971666316e-06	1.1845071175151928e-24
SD_501:34:_:MET	1	0.0	0.0	8.375730151587237e-25
CB_726:49:_:ALA	2	0.0	1.2880898914998947e-05	1.8854523218808473e-17
CD2_936:63:_:LEU	1	0.0	0.0	1.0885664055821122e-17
CE1_362:24:_:TYR	1	0.0	0.0	2.9464878008468973e-06
CE_7:1:_:MET	2	0.0	5.152359565999579e-05	6.872216023189598e-06
CB_3023:194:_:ALA	2	0.0	0.0001288089891499895	6.606405265084358e-06
CD1_3302:212:_:ILE	3	0.3333333333333333	9.445992537665895e-05	7.948974902995132e-06
CD1_6877:213:_:LEU	2	0.0	8.587265943332632e-06	6.489744666882398e-20
OH_3922:24:_:TYR	1	0.0	0.0	4.010882782441686e-20
CB_1507:99:_:ALA	3	0.0	5.581722863166211e-05	2.967414860291973e-10
CD_1034:69:_:LYS	1	0.0	0.0	1.4239252732777759e-10
CB_6580:194:_:ALA	2	1.0	0.0	5.380213795337149e-05
CD2_5182:107:_:LEU	2	1.0	0.0	5.380213795337149e-05
CD2_519:35:_:LEU	2	0.0	1.7174531886665264e-05	2.1771328111642248e-17
CE1_2824:181:_:TYR	1	0.0	0.0	1.6744418538608533e-05
CD2_107:6:_:LEU	1	0.0	0.0	9.039072692680192e-36
CG2_68:4:_:ILE	1	0.0	0.0	9.039072692680192e-36
CD1_267:19:_:PHE	1	0.0	0.0	9.039072692680192e-36
CG_3198:206:_:ARG	1	0.0	0.0	9.039072692680192e-36
CE_5013:96:_:MET	4	0.16666666666666666	0.00015457078697998737	0.5515580387771535
CG2_5083:101:_:ILE	2	0.0	4.7229962688329476e-05	0.24797095016971346
CD1_439:29:_:ILE	2	0.0	8.587265943332632e-06	6.489744666882396e-20
CG_1223:81:_:PHE	1	0.0	0.0	4.010882782441686e-20
CD1_6802:209:_:LEU	2	0.0	1.7174531886665264e-05	2.177132811164225e-17
CD2_3825:19:_:PHE	2	0.0	1.2880898914998947e-05	1.8854523218808476e-17
CG2_878:59:_:VAL	2	0.0	1.2880898914998947e-05	1.8854523218808476e-17
CD1_3663:6:_:LEU	3	0.3333333333333333	2.146816485833158e-05	0.0026102918292635123
CG2_5342:117:_:VAL	2	0.0	8.587265943332632e-06	6.489744666882396e-20
CG_6103:165:_:ARG	1	0.0	0.0	4.010882782441686e-20
CB_569:38:_:ALA	1	0.0	0.0	9.039072692680192e-36
CD2_1000:67:_:LEU	1	0.0	0.0	9.039072692680192e-36
CE2_6403:182:_:TYR	1	0.0	0.0	9.039072692680192e-36
CG_6333:178:_:LEU	1	0.0	0.0	9.039072692680192e-36
CB_4375:55:_:ALA	1	0.0	0.0	9.039072692680192e-36
CD_4394:57:_:LYS	1	0.0	0.0	9.039072692680192e-36
CD1_3320:213:_:LEU	1	0.0	0.0	9.039072692680192e-36
OH_365:24:_:TYR	1	0.0	0.0	9.039072692680192e-36
CD1_6354:179:_:ILE	1	0.0	0.0	0.001054880328731095
CD2_2823:181:_:TYR	1	0.0	0.0	9.039072692680192e-36
CG2_1373:90:_:ILE	1	0.0	0.0	9.039072692680192e-36
CG1_953:64:_:VAL	1	0.0	0.0	8.375730151587237e-25
CD1_3996:29:_:ILE	2	0.0	8.587265943332632e-06	6.489744666882396e-20
CG_4780:81:_:PHE	1	0.0	0.0	4.010882782441686e-20
CE1_5217:109:_:PHE	1	0.0	0.0	1.0885664055821125e-17
CG1_6739:205:_:VAL	2	0.0	1.2880898914998947e-05	1.8854523218808476e-17
CD_180:13:_:LYS	1	0.0	0.0	9.039072692680192e-36
CG_86:5:_:LEU	1	0.0	0.0	9.039072692680192e-36
CG2_6858:212:_:ILE	4	0.16666666666666666	3.434906377333053e-05	7.424039315315683e-05
CE2_1304:86:_:PHE	2	0.0	1.2880898914998947e-05	1.8854523218808476e-17
SD_1455:96:_:MET	1	0.0	0.0	1.0885664055821125e-17
CG2_772:52:_:ILE	1	0.0	0.0	1.0885664055821125e-17
CD_338:23:_:LYS	1	0.0	0.0	9.039072692680192e-36
CE1_269:19:_:PHE	1	0.0	0.0	9.039072692680192e-36
CD1_5084:101:_:ILE	2	0.0	3.864269674499684e-05	2.984741541438512e-13
CG1_4574:68:_:VAL	2	0.0	3.434906377333053e-05	2.437031263539131e-13
CD1_3004:193:_:TYR	1	0.0	0.0	4.010882782441686e-20
CG1_1607:106:_:VAL	2	0.0	8.587265943332632e-06	6.489744666882398e-20
CD1_6561:193:_:TYR	1	0.0	0.0	0.001251804341038803
CE_792:53:_:MET	1	0.0	0.0	9.039072692680192e-36
CG_4093:36:_:ARG	1	0.0	0.0	9.039072692680192e-36
CE2_6227:171:_:TYR	1	0.0	0.0	4.4555467596185116e-05
CG1_5636:135:_:VAL	1	0.0	0.0	4.010882782441686e-20
CG_5459:124:_:ARG	2	0.0	8.587265943332632e-06	6.489744666882398e-20
CB_1443:95:_:ALA	1	0.0	0.0	8.375730151587237e-25
CG1_969:65:_:ILE	2	0.0	4.293632971666316e-06	1.1845071175151928e-24
CG2_3301:212:_:ILE	3	0.0	0.00020180074966831684	1.0790738019102952e-05
CG_5369:119:_:ARG	1	0.0	0.0	9.039072692680192e-36
CZ_5679:137:_:PHE	1	0.0	0.0	9.039072692680192e-36
CD_3895:23:_:LYS	1	0.0	0.0	9.039072692680192e-36
CZ_3828:19:_:PHE	1	0.0	0.0	9.039072692680192e-36
CB_4283:49:_:ALA	3	0.0	2.146816485833158e-05	2.840018903631269e-07
CD1_999:67:_:LEU	1	0.0	0.0	1.0885664055821125e-17
CE1_1660:109:_:PHE	1	0.0	0.0	9.039072692680192e-36
CG1_3182:205:_:VAL	1	0.0	0.0	9.039072692680192e-36
CB_5064:99:_:ALA	3	0.0	3.864269674499684e-05	3.329046615807473e-13
CD_4591:69:_:LYS	1	0.0	0.0	1.7232413324098272e-13
CD1_1263:83:_:LEU	1	0.0	0.0	8.375730151587237e-25
CG2_4138:39:_:VAL	1	0.0	0.0	1.2639273177792362e-07
CE_4349:53:_:MET	1	0.0	0.0	9.039072692680192e-36
CG_536:36:_:ARG	1	0.0	0.0	9.039072692680192e-36
CB_238:17:_:ALA	1	0.0	0.0	4.010882782441686e-20
CD2_1245:82:_:LEU	2	0.0	8.587265943332632e-06	6.489744666882396e-20
CD2_268:19:_:PHE	2	0.0	8.587265943332632e-06	6.489744666882396e-20
CG1_286:20:_:ILE	1	0.0	0.0	4.010882782441686e-20
CD_3737:13:_:LYS	1	0.0	0.0	9.039072692680192e-36
CG_3643:5:_:LEU	1	0.0	0.0	9.039072692680192e-36
CD2_4821:83:_:LEU	2	0.0	4.7229962688329476e-05	0.24797095016971346
CD2_3918:24:_:TYR	1	0.0	0.0	2.876578674880573e-16
CG2_3844:20:_:ILE	2	0.0	1.7174531886665264e-05	5.183415664278781e-16
CD2_1625:107:_:LEU	2	0.0	0.00015457078697998737	7.4591545121987536e-06
CD2_6175:168:_:LEU	2	1.0	0.0	9.344144096118402e-05
CD1_5215:109:_:PHE	1	0.0	0.0	9.039072692680192e-36
CG1_6613:196:_:VAL	1	0.0	0.0	9.039072692680192e-36
CD2_361:24:_:TYR	1	0.0	0.0	4.010882782441686e-20
CG2_287:20:_:ILE	2	0.0	8.587265943332632e-06	6.489744666882398e-20
CG1_2079:135:_:VAL	1	0.0	0.0	9.039072692680192e-36
CG_1902:124:_:ARG	1	0.0	0.0	9.039072692680192e-36
CD1_6174:168:_:LEU	2	0.0	8.587265943332632e-06	6.489744666882398e-20
CG2_4435:59:_:VAL	2	0.0	4.293632971666316e-06	1.1845071175151928e-24
CG_4347:53:_:MET	1	0.0	0.0	8.375730151587237e-25
CD2_1302:86:_:PHE	1	0.0	0.0	1.887137983719059e-05
CD1_2617:168:_:LEU	2	0.0	8.587265943332632e-06	6.489744666882398e-20
CG2_1785:117:_:VAL	2	0.0	8.587265943332632e-06	6.489744666882398e-20
SD_4058:34:_:MET	1	0.0	0.0	8.375730151587237e-25
CG1_1017:68:_:VAL	2	0.0	6.440449457499474e-05	2.384146935730556e-10
CE2_2121:137:_:PHE	1	0.0	0.0	9.039072692680192e-36
CG_1812:119:_:ARG	1	0.0	0.0	9.039072692680192e-36
CG_1454:96:_:MET	1	0.0	0.0	8.375730151587237e-25
CG1_5582:132:_:VAL	1	0.0	0.0	9.039072692680192e-36
CG_5435:123:_:ARG	1	0.0	0.0	9.039072692680192e-36
CE2_5218:109:_:PHE	1	0.0	0.0	1.6877839001037727e-05
CD1_1587:105:_:TYR	1	0.0	0.0	9.039072692680192e-36
CG1_48:3:_:ILE	1	0.0	0.0	9.039072692680192e-36
CG_1070:71:_:ARG	2	0.0	8.587265943332632e-06	6.489744666882398e-20
CG_500:34:_:MET	1	0.0	0.0	4.010882782441686e-20
CG_2546:165:_:ARG	1	0.0	0.0	4.010882782441686e-20
CG2_4329:52:_:ILE	1	0.0	0.0	8.375730151587237e-25
CD2_5216:109:_:PHE	1	0.0	0.0	3.331592768044168e-05
CG1_5758:142:_:VAL	1	0.0	0.0	9.039072692680192e-36
CG_5796:145:_:LYS	1	0.0	0.0	9.039072692680192e-36
CB_4544:66:_:ALA	1	0.0	0.0	9.039072692680192e-36
CD2_4221:45:_:LEU	1	0.0	0.0	9.039072692680192e-36
CB_818:55:_:ALA	1	0.0	0.0	9.039072692680192e-36
CG_836:57:_:LYS	1	0.0	0.0	9.039072692680192e-36
CG2_581:39:_:VAL	1	0.0	0.0	9.039072692680192e-36
SD_791:53:_:MET	1	0.0	0.0	9.039072692680192e-36
CG1_3843:20:_:ILE	1	0.0	0.0	1.0885664055821125e-17
CD1_6859:212:_:ILE	2	1.0	0.0	5.351109666204202e-12
SD_5012:96:_:MET	1	0.0	0.0	2.4358365286186755e-12
CD1_5181:107:_:LEU	2	0.0	1.7174531886665264e-05	5.183415664278781e-16
CD1_1527:101:_:ILE	3	0.0	8.157902646166001e-05	3.336147390926786e-10
CG1_4929:90:_:ILE	1	0.0	0.0	0.022764241661705025
CE2_5147:105:_:TYR	1	0.0	0.0	3.119503995758663e-05
CE1_4783:81:_:PHE	1	0.0	0.0	0.17767823153327406
CZ_4785:81:_:PHE	1	0.0	0.0	0.09508977097129627
CG2_4527:65:_:ILE	1	0.0	0.0	1.7232413324098272e-13
CD2_4076:35:_:LEU	2	0.0	4.293632971666316e-06	2.2775183292209993e-07
CE_2723:174:_:MET	1	0.0	0.0	9.039072692680192e-36
CG_1334:88:_:ARG	1	0.0	0.0	9.039072692680192e-36
CD2_4859:86:_:PHE	1	0.0	0.0	0.09508977097129627
CG1_67:4:_:ILE	1	0.0	0.0	1.887137983719059e-05
CE2_1590:105:_:TYR	1	0.0	0.0	4.62658359675628e-06
CZ_1228:81:_:PHE	1	0.0	0.0	1.4811947779309593e-05
CG2_2026:132:_:VAL	1	0.0	0.0	9.039072692680192e-36
CG_1878:123:_:ARG	1	0.0	0.0	9.039072692680192e-36
CG2_970:65:_:ILE	1	0.0	0.0	1.4239252732777759e-10
CD1_3245:209:_:LEU	2	0.0	8.587265943332632e-06	6.489744666882398e-20
CE2_1661:109:_:PHE	1	0.0	0.0	1.687783900103773e-05
CG_4627:71:_:ARG	2	0.0	8.587265943332632e-06	6.489744666882398e-20
CG1_877:59:_:VAL	1	0.0	0.0	8.375730151587237e-25
CG1_2530:164:_:VAL	1	0.0	0.0	4.010882782441686e-20
CG_1033:69:_:LYS	1	0.0	0.0	1.6008629763543106e-10
CG1_6087:164:_:VAL	1	0.0	0.0	4.010882782441686e-20
CD1_288:20:_:ILE	1	0.0	0.0	4.010882782441686e-20
CD2_1659:109:_:PHE	1	0.0	0.0	3.331592768044168e-05
CG_4057:34:_:MET	1	0.0	0.0	4.010882782441686e-20
CD1_2822:181:_:TYR	1	0.0	0.0	1.0906873104688849e-05
CD1_4330:52:_:ILE	1	0.0	0.0	1.2639273177792365e-07
CD1_389:26:_:ILE	1	0.0	0.0	1.6305769865392214e-06
CD1_3845:20:_:ILE	1	0.0	0.0	2.876578674880573e-16
CG1_5842:148:_:VAL	1	0.0	0.0	9.039072692680192e-36
OH_5604:133:_:TYR	1	0.0	0.0	9.039072692680192e-36
CE_3864:21:_:MET	1	0.0	0.0	8.375730151587237e-25
