index,residue_name,chain_id,residue_number,insertion,segment_id,mode1,mode2,mode3,mode4
1,MET,A,1,'','',0.04569647768761746,-0.04572907955408113,-0.04005745273107913,-0.036642990499741714
2,ARG,A,2,'','',0.04290792166957533,-0.04788506589162265,-0.03837847619899059,-0.01764430184912798
3,ILE,A,3,'','',0.04721603101228322,-0.04001844101818173,-0.037859152860520294,-0.04499028157648011
4,ILE,A,4,'','',0.04311371327699132,-0.043822550908530135,-0.035442630841471943,-0.01693957864936211
5,LEU,A,5,'','',0.04546106337415089,-0.03629084232900984,-0.03310482064311981,-0.02959518661333681
6,LEU,A,6,'','',0.046177142250366406,-0.03040320782510124,-0.028915643296064747,-0.024871574544998373
7,GLY,A,7,'','',0.05019042985855364,-0.01644495610339779,-0.024496067164894733,-0.040083951817853125
8,ALA,A,8,'','',0.05336259703068068,0.027901540213279546,0.0032035421834941753,-0.013073661616290559
9,PRO,A,9,'','',0.05250314005822214,0.016561673418585884,-0.003765425122952634,-0.019024869898952728
10,GLY,A,10,'','',0.05617980576638609,0.04002616872353111,0.007921704151923099,-0.01574236600309959
11,ALA,A,11,'','',0.0548378795264564,0.023961420252084583,-0.0020773345843430125,-0.024935471755430514
12,GLY,A,12,'','',0.053849604988555136,-0.0032448509238816536,-0.019795934217695654,-0.051153832079517764
13,LYS,A,13,'','',0.04771826051677304,-0.024806770378425116,-0.027627139883306635,-0.03314334457426144
14,GLY,A,14,'','',0.05057213513711456,-0.033846721674244136,-0.03752795093267455,-0.06513759102010927
15,THR,A,15,'','',0.05097003426815644,-0.022809996554245825,-0.03010287214644383,-0.05374769369486532
16,GLN,A,16,'','',0.050922780312491985,-0.032079330120944494,-0.036771437600310576,-0.06710233074832894
17,ALA,A,17,'','',0.046538666601045116,-0.03469674700974379,-0.03334757355063858,-0.03704281062180563
18,GLN,A,18,'','',0.04998790407586349,-0.03684973974639048,-0.038979944171213504,-0.06420709459484603
19,PHE,A,19,'','',0.050092871577510946,-0.03800345019510214,-0.03995810553628818,-0.06693696973158228
20,ILE,A,20,'','',0.04815381072422482,-0.03968700064091153,-0.038791924710193854,-0.0525409128172494
21,MET,A,21,'','',0.04633341319719953,-0.042872279151955926,-0.03905644370955877,-0.043796306133737466
22,GLU,A,22,'','',0.048284549209722964,-0.04287725804278847,-0.04120740902108927,-0.05644207818329178
23,LYS,A,23,'','',0.04957311932538616,-0.04128447855289344,-0.041648041192011695,-0.06599517287306428
24,TYR,A,24,'','',0.0466588100318077,-0.04420893969273606,-0.0402909213738052,-0.04545420611410023
25,GLY,A,25,'','',0.048027542204987325,-0.042730880184663554,-0.040806959944838635,-0.05450581393493812
26,ILE,A,26,'','',0.044783957845451056,-0.043700485773567305,-0.03775398387388691,-0.032580399046252394
27,PRO,A,27,'','',0.03771022288812097,-0.04936878849295529,-0.0346318137384024,0.006232845608112522
28,GLN,A,28,'','',0.042962871972218944,-0.04113661032345901,-0.03390356745778413,-0.022830824948612223
29,ILE,A,29,'','',0.033703129379219834,-0.04779937650226724,-0.029454566244138055,0.021494625150403523
30,SER,A,30,'','',0.0342057859583735,-0.04314997188073005,-0.025698516336557602,0.014278055473347798
31,THR,A,31,'','',0.02854602040645543,-0.04520409539805026,-0.021773582232877627,0.03966588148297025
32,GLY,A,32,'','',0.013986435464478537,-0.03612550498511795,0.002075355814515996,0.07679870009065574
33,ASP,A,33,'','',0.018088108571581024,-0.040688435019112415,-0.007309739093866858,0.07163579571483045
34,MET,A,34,'','',0.02717748383285281,-0.045690046629916985,-0.022169850024849867,0.042244919497905126
35,LEU,A,35,'','',0.014138940623579685,-0.04141403829687578,-0.00913081480236406,0.07949424751258433
36,ARG,A,36,'','',0.007934772335098041,-0.03669657285485772,0.002067796635691059,0.08459403486183849
37,ALA,A,37,'','',0.012183032952366174,-0.04146251679080623,-0.007986634139213423,0.0921362317588295
38,ALA,A,38,'','',0.010955929034409352,-0.038908784073569964,-0.012256221298865572,0.07806053504537257
39,VAL,A,39,'','',0.004849034786848667,-0.03589464488253586,-0.0011899208439822683,0.08936769346345534
40,LYS,A,40,'','',0.0063672117983102385,-0.03671254525862623,-0.0043376896709611265,0.09138830023844745
41,SER,A,41,'','',0.00817142657437541,-0.04068712469659321,-0.010509851483573751,0.10492757893230722
42,GLY,A,42,'','',-0.008453394107416643,-0.02181430315112419,-0.01852999064950504,0.07260116400408957
43,SER,A,43,'','',0.011288791898928589,-0.04058321439569152,-0.01793479414190652,0.08008159779034642
44,GLU,A,44,'','',-0.025645185422269012,-0.0037188218472416737,-0.02963522739699681,0.0484742305055027
45,LEU,A,45,'','',0.016787892784747765,-0.04363589449489496,-0.017981750773218248,0.0696725951647378
46,GLY,A,46,'','',0.0007271071786783619,-0.03320692357225719,-0.01037170085213047,0.09086251741884006
47,LYS,A,47,'','',0.0032919631729687975,-0.03503088727903015,-0.005700357485423913,0.08908534852509206
48,GLN,A,48,'','',0.002074043750920962,-0.033640700289938374,-0.00785722635964086,0.08377681378420962
49,ALA,A,49,'','',0.009480625941580856,-0.039553935797143995,-0.005950856209420039,0.08671986851103101
50,LYS,A,50,'','',0.0012917113645602987,-0.03545083135434822,0.004639196117196786,0.09310995130207247
51,ASP,A,51,'','',0.0011370928946008003,-0.03627364702525665,0.004160388601053921,0.09325741388167708
52,ILE,A,52,'','',0.008886214488925426,-0.038283961711140055,-0.001639075021259968,0.0821028978736074
53,MET,A,53,'','',0.0033522843768543876,-0.034133747176932384,0.009864675708337227,0.08802373449940996
54,ASP,A,54,'','',-0.01429386750365148,-0.029618985458822123,0.032101754467365955,0.06750633969723414
55,ALA,A,55,'','',-0.002946675355719997,-0.035299606139487114,0.013952545043308662,0.08813285401782439
56,GLY,A,56,'','',0.0031039328261884365,-0.03257350038070402,0.01416063069633084,0.08316837820739492
57,LYS,A,57,'','',0.010083890221327007,-0.039509277087803815,0.0005559297955534569,0.08873071301194455
58,LEU,A,58,'','',0.012542961194628523,-0.0303586897578825,0.008546100573639472,0.0801131478419453
59,VAL,A,59,'','',0.01688885683434805,-0.04270649300507353,-0.010025666537884162,0.07427425568418462
60,THR,A,60,'','',0.018807354120008026,-0.04095924895789572,-0.007280935484064398,0.07711843326381027
61,ASP,A,61,'','',0.027833973620339417,-0.04707419756265118,-0.02262983052265931,0.047076169045087095
62,GLU,A,62,'','',0.027294281848392627,-0.04918460451106513,-0.024332125312554943,0.05402768814089453
63,LEU,A,63,'','',0.014409531873592835,-0.041581546913790714,-0.011174485757361548,0.0743003232210734
64,VAL,A,64,'','',0.02800261247368646,-0.04612477843971744,-0.022614212279241055,0.04274357876873733
65,ILE,A,65,'','',0.03373374383236333,-0.04844475810509061,-0.02987536598690916,0.025118816108010183
66,ALA,A,66,'','',0.02486936757221009,-0.048229940247850205,-0.024191663506438334,0.05561296534511132
67,LEU,A,67,'','',0.023026658879750965,-0.045970239173428386,-0.021630368585936744,0.05564139597945185
68,VAL,A,68,'','',0.034786039763214344,-0.048779749422246645,-0.0314706903471927,0.018853119039820766
69,LYS,A,69,'','',0.03322474219713189,-0.05079165253177856,-0.031724410809240045,0.028563234914332367
70,GLU,A,70,'','',0.027431093649499038,-0.049749827707827286,-0.028419864413190006,0.04611216820642174
71,ARG,A,71,'','',0.03421653646503372,-0.050048453657109936,-0.032005558711170064,0.02198321906101084
72,ILE,A,72,'','',0.03442078316363623,-0.05004743210548416,-0.0321501596202976,0.021739813375379568
73,ALA,A,73,'','',0.034224866178349286,-0.05619352754425751,-0.03608902000254727,0.0354395186010921
74,GLN,A,74,'','',0.03377385514285016,-0.05379297128238777,-0.0347861091419254,0.03028018464677437
75,GLU,A,75,'','',0.0354438180994963,-0.05790704742148318,-0.038091412889730794,0.033844333535364694
76,ASP,A,76,'','',0.03622513919547277,-0.05574786406265529,-0.03748913552657775,0.024499188723187244
77,CYS,A,77,'','',0.036628469876173804,-0.05014682058200981,-0.034019775494304044,0.01233739969645974
78,ARG,A,78,'','',0.03559892074553524,-0.05461485328071543,-0.03660876542496472,0.02442606907203297
79,ASN,A,79,'','',0.0429844373232875,-0.047268775557274406,-0.038419857746342344,-0.02249796301247368
80,GLY,A,80,'','',0.04129395972864781,-0.04984547357745299,-0.0382849724688386,-0.009141784779358633
81,PHE,A,81,'','',0.040503272633114235,-0.04796542158412395,-0.03628502233629321,-0.008069064887234694
82,LEU,A,82,'','',0.04372047689390424,-0.0416476349403469,-0.03511769559572826,-0.024847412166109476
83,LEU,A,83,'','',0.04165204889317359,-0.04381323457817622,-0.03411382815272702,-0.010838901951388237
84,ASP,A,84,'','',0.04025409603107835,-0.04233597984700382,-0.03178097630094458,-0.006838425871616654
85,GLY,A,85,'','',0.0433434857499317,-0.035118967497520706,-0.02959890328378965,-0.01660009194553426
86,PHE,A,86,'','',0.03580076061027376,-0.04602548005879662,-0.02980434768604311,0.01450146113117964
87,PRO,A,87,'','',0.04342544017055035,-0.03853789872523111,-0.03149831490515066,-0.01406306342093433
88,ARG,A,88,'','',0.03197203997187418,-0.03972628803679031,-0.01952513751509173,0.027439597946185595
89,THR,A,89,'','',0.041964116215147715,-0.03596725108248383,-0.0272453113671632,-0.0017852774570959063
90,ILE,A,90,'','',0.04198412119892617,-0.04478958587143236,-0.03375000931302135,-0.0035981869144213266
91,PRO,A,91,'','',0.03300905073230792,-0.048077428704467316,-0.02776669128707219,0.031491903107656816
92,GLN,A,92,'','',0.03699974983541171,-0.04726412298355359,-0.03123263445240147,0.01458722649725637
93,ALA,A,93,'','',0.04174494333895537,-0.04398582939426128,-0.0332385305657918,-0.005255066494676333
94,ASP,A,94,'','',0.04004321896432671,-0.04907580584190256,-0.035145606881124204,0.0038824926342506203
95,ALA,A,95,'','',0.03721431875589907,-0.050271940305250465,-0.03351886603357666,0.016114297200290388
96,MET,A,96,'','',0.04027668639798966,-0.0465501726058741,-0.03434595844562228,-0.002068492532088841
97,LYS,A,97,'','',0.041711602599598226,-0.04928070552687559,-0.03736314617871798,-0.006839956215751982
98,GLU,A,98,'','',0.04099180173044408,-0.05314973233470172,-0.03903216274202741,0.0008466747163622109
99,ALA,A,99,'','',0.036207599987453515,-0.050318314586131174,-0.03324664981992064,0.017765757324175107
100,GLY,A,100,'','',0.042430298493260334,-0.052912398008668635,-0.04064388463213529,-0.009929370206230683
101,ILE,A,101,'','',0.0392848304273764,-0.04892339488875096,-0.035655739104401,-0.0005187993903729351
102,ASN,A,102,'','',0.045751729526752494,-0.05210074705265258,-0.04399005203622593,-0.03323138377809264
103,VAL,A,103,'','',0.045852821657807956,-0.045530861550159535,-0.03963838075661297,-0.03330929176614737
104,ASP,A,104,'','',0.046349281432334126,-0.050770178899913275,-0.04376606449650677,-0.037185699567031466
105,TYR,A,105,'','',0.047486878380943856,-0.04219692821738448,-0.03934054914393351,-0.04405726308937526
106,VAL,A,106,'','',0.0474648510516928,-0.04011730130713773,-0.03748875992964027,-0.03939100977999678
107,LEU,A,107,'','',0.04964059151007403,-0.03404282257490021,-0.03641059961098529,-0.055865505276687426
108,GLU,A,108,'','',0.04968307936604939,-0.030347699185054,-0.033355290778873725,-0.04695967255585004
109,PHE,A,109,'','',0.0519391260084162,-0.015514598129932953,-0.026131886209604892,-0.052098400757738805
110,ASP,A,110,'','',0.054915889840345976,0.002721494722327093,-0.016992247784394197,-0.051303927368762825
111,VAL,A,111,'','',0.056106667655878885,0.024576341010628663,-0.0031138923216846625,-0.034106037738810296
112,PRO,A,112,'','',0.05644561006358389,0.024261993928354368,-0.003672304094018627,-0.03715477890476382
113,ASP,A,113,'','',0.054137902909824114,0.025329560911345313,0.00043502332804854063,-0.020464215033493504
114,GLU,A,114,'','',0.055749053078082644,0.039177953190539155,0.008024007323069177,-0.015533924875473257
115,LEU,A,115,'','',0.05678005289709207,0.031197379995873048,0.0006663667570433764,-0.031216651486045383
116,ILE,A,116,'','',0.05463222131577176,0.03153427426005182,0.003982524462265842,-0.01639732537904895
117,VAL,A,117,'','',0.05420674857190327,0.042953785922649014,0.012583165793458473,-0.003592191006545176
118,ASP,A,118,'','',0.06148150073787949,0.07839677121128043,0.02700698707197893,-0.003765542574281708
119,ARG,A,119,'','',0.05847008704873011,0.052536689102813956,0.013089524110158979,-0.01635649238834961
120,ILE,A,120,'','',0.05684547886643487,0.052379887764336046,0.01557389263351913,-0.0069288136552024945
121,VAL,A,121,'','',0.05957032792366648,0.07260822238309406,0.025681457979737855,-0.0006105041975117392
122,GLY,A,122,'','',0.06425487646231277,0.09622185158047251,0.035429990341854886,0.001095390995957642
123,ARG,A,123,'','',0.060558371774179026,0.07734714901728452,0.02753662320075784,-0.0010055903843061537
124,ARG,A,124,'','',0.0636343265034062,0.09658363543592888,0.036538212987985125,0.004633475870588844
125,VAL,A,125,'','',0.06113801929541278,0.08665560472696135,0.033264720362607705,0.006099617738966549
126,HIS,A,126,'','',0.06886584362276499,0.1291196657732751,0.05144802341135362,0.013069002433513952
127,ALA,A,127,'','',0.06639507831034912,0.11615744258488862,0.046155741108087005,0.011928404923149092
128,PRO,A,128,'','',0.0702186275808808,0.13722195504067042,0.05507895388486303,0.015150477936822183
129,SER,A,129,'','',0.06982494532219508,0.13597166877367353,0.05484579402843776,0.01645663263220562
130,GLY,A,130,'','',0.06921818217328801,0.13128897616369584,0.05246476342279236,0.01391972126613768
131,ARG,A,131,'','',0.06570657969962836,0.10907022850417958,0.04219229954438719,0.007565820759793048
132,VAL,A,132,'','',0.06462030986719068,0.10215602770763707,0.03902724440497466,0.00558284171837131
133,TYR,A,133,'','',0.06588694554422306,0.10650519325985033,0.04015810830631222,0.0035760836685193227
134,HIS,A,134,'','',0.06343567567237507,0.08922010187513162,0.03172316655680052,-0.002521713792863729
135,VAL,A,135,'','',0.06550935499539362,0.10310108320864345,0.038353362791562595,0.0018423839483991135
136,LYS,A,136,'','',0.06814107043603218,0.11885057503289996,0.045443547205608656,0.004793261773824832
137,PHE,A,137,'','',0.06361879101769283,0.09022187651870579,0.032130465744584454,-0.002213922296205086
138,ASN,A,138,'','',0.06813983054609128,0.11979002924886141,0.046086464583632684,0.005957044616271762
139,PRO,A,139,'','',0.0673293760453954,0.11426837666520992,0.04342970511713341,0.004260298683626534
140,PRO,A,140,'','',0.06956265672473448,0.13039823643506587,0.05128794851975707,0.010273469440766259
141,LYS,A,141,'','',0.06919718226821185,0.126176424852926,0.048918589760890335,0.007280421638004232
142,VAL,A,142,'','',0.07129570239902973,0.1417318645928414,0.05650221000886397,0.013467895286060788
143,GLU,A,143,'','',0.06900397773784418,0.12527552168760836,0.04857610862011323,0.0074105682497303
144,GLY,A,144,'','',0.07057711076163213,0.13771157995627759,0.054816408095830334,0.013029843909581349
145,LYS,A,145,'','',0.07020359603616724,0.13553780564462492,0.053884680671780844,0.012718921746878461
146,ASP,A,146,'','',0.06984742709212956,0.1335200058137245,0.053007250664103056,0.012487291858696391
147,ASP,A,147,'','',0.07048734450994676,0.13689780754462755,0.05437880862512364,0.012618042751669055
148,VAL,A,148,'','',0.07095134891356306,0.1414771537607971,0.05683311134431364,0.015605476559903226
149,THR,A,149,'','',0.06980568731667476,0.13359652969274824,0.05312284677519345,0.012840559076328084
150,GLY,A,150,'','',0.07056799664409438,0.13954632411670415,0.05609383749591763,0.015495760432983513
151,GLU,A,151,'','',0.07022682771249435,0.1366351414853017,0.054628470139589366,0.014140282230300217
152,GLU,A,152,'','',0.06837085787840841,0.12678651260377616,0.050529533226841054,0.012850276570205366
153,LEU,A,153,'','',0.06795053922752671,0.12239542710406835,0.04812137012534945,0.010265231981369081
154,THR,A,154,'','',0.06313613806277901,0.0982963198304919,0.03840984596811819,0.008202165027379667
155,THR,A,155,'','',0.05958689367949675,0.07659476295366584,0.028555667673519757,0.003810259251752615
156,ARG,A,156,'','',0.057220832100054415,0.0752050583004758,0.03072761918640814,0.010445079385347436
157,LYS,A,157,'','',0.05629400855262521,0.06693232526806504,0.02654676131672935,0.009832236720413572
158,ASP,A,158,'','',0.04344967417538636,0.03797796199525315,0.023214057011313082,0.030058317310540556
159,ASP,A,159,'','',0.05869073459855586,0.07338168285813479,0.027587592516856014,0.00485306439962608
160,GLN,A,160,'','',0.05696080996069327,0.06926944297165825,0.027073418244485926,0.007455443318630147
161,GLU,A,161,'','',0.05540869648921233,0.05514271639374947,0.01960342624908614,0.0033261869645041806
162,GLU,A,162,'','',0.052654128394967255,0.04650405724724107,0.017577875793282193,0.009267549909977735
163,THR,A,163,'','',0.049673342349417754,0.043147610938455545,0.018808855738089904,0.01604864760717062
164,VAL,A,164,'','',0.05366152311852358,0.04969390477965292,0.017933486502688858,0.0043070480618586935
165,ARG,A,165,'','',0.04904687278220128,0.03138524819352791,0.011389898578722185,0.009019870971095549
166,LYS,A,166,'','',0.046361291288721185,0.023857234778428757,0.009704142524718122,0.014812880661903838
167,ARG,A,167,'','',0.03598641182064049,0.003577716414313811,0.007414075006938359,0.029998441455124814
168,LEU,A,168,'','',0.051403723077027175,0.02738862065323641,0.005372808097344352,-0.004795823028253062
169,VAL,A,169,'','',0.04379894121128457,0.004362502524516968,-0.0006867278423155647,0.010769549531923663
170,GLU,A,170,'','',0.03351413779475487,-0.007410227794231117,0.0027937756000942933,0.03151025682244534
171,TYR,A,171,'','',0.04536159256616464,-0.016054555763200612,-0.01746995035916722,-0.010873920956659679
172,HIS,A,172,'','',0.04459209632938415,-0.008359686837791886,-0.010616067873975394,0.00022760987412533018
173,GLN,A,173,'','',0.044319328937209405,-0.02334824872657896,-0.020714655065566974,-0.00647219296640509
174,MET,A,174,'','',0.04241095796454286,-0.029491441977158892,-0.022993012691849633,-0.0015623234796470571
175,THR,A,175,'','',0.04490109641903787,-0.025463353519273816,-0.02278493077009082,-0.008813436169118942
176,ALA,A,176,'','',0.04441173204998513,-0.028851350729713208,-0.024683479322216904,-0.009113087628384298
177,PRO,A,177,'','',0.04440239420380551,-0.03324810493763742,-0.027877186466440922,-0.01122805847901405
178,LEU,A,178,'','',0.041973021984909445,-0.0404732390271916,-0.030760551586304558,-0.005851971042711225
179,ILE,A,179,'','',0.046637182486015685,-0.0354624179406217,-0.03274654872409539,-0.028933331788987212
180,GLY,A,180,'','',0.04601389533979387,-0.04107992463676739,-0.03540528187061969,-0.025218530237807724
181,TYR,A,181,'','',0.04432632538281728,-0.0448190741953545,-0.036524897100850946,-0.018295693260083318
182,TYR,A,182,'','',0.04616164411570875,-0.04323469134552589,-0.037861966363475205,-0.03165614746391259
183,SER,A,183,'','',0.047567864606577616,-0.045096552978375885,-0.04049855814767239,-0.03947754660194792
184,LYS,A,184,'','',0.04723177231774082,-0.04769410335083339,-0.04188404622762872,-0.038724422464000444
185,GLU,A,185,'','',0.04727946759054001,-0.049039360174202434,-0.04309089224603339,-0.04078272591226124
186,ALA,A,186,'','',0.04810212274672323,-0.046125707183551704,-0.04219047981602719,-0.04590716191462906
187,GLU,A,187,'','',0.04872247817852717,-0.05148656823494651,-0.04631038850634931,-0.051243335615671896
188,ALA,A,188,'','',0.04872873626791795,-0.05180483565203589,-0.046635304785502936,-0.05212340084813659
189,GLY,A,189,'','',0.04874045449632659,-0.05077360469808823,-0.04600617746804905,-0.05202336312169205
190,ASN,A,190,'','',0.04736169615292186,-0.047281888409875635,-0.0422839130082333,-0.042335809013780784
191,THR,A,191,'','',0.047503588516917,-0.043500790243597445,-0.03978107241177374,-0.04104559424356747
192,LYS,A,192,'','',0.049247762803887506,-0.04252641677006379,-0.04127104732784326,-0.05346816569752247
193,TYR,A,193,'','',0.04809238436330677,-0.04035529445504413,-0.03815627050998558,-0.042156900824488315
194,ALA,A,194,'','',0.0506123548199571,-0.0348040875616326,-0.03784498691972691,-0.06058319144889667
195,LYS,A,195,'','',0.05287287028740819,-0.02055266677103382,-0.030666427737442006,-0.0627129898532055
196,VAL,A,196,'','',0.05188682936644518,-0.02627374070842168,-0.03369624327291056,-0.06449247572547442
197,ASP,A,197,'','',0.05389861937873663,-0.014546320333455405,-0.027930559602058147,-0.06658110463633371
198,GLY,A,198,'','',0.05594888079660505,0.013423472996597506,-0.01098722085917829,-0.04713367524301694
199,THR,A,199,'','',0.05707407563943279,0.028629440223002754,-0.0016618680641108344,-0.03669816867305094
200,LYS,A,200,'','',0.055251784258324846,-0.014908648796605943,-0.03021596607271698,-0.08423230884333219
201,PRO,A,201,'','',0.05667106755620073,0.006054992885074656,-0.01717738663196979,-0.06654076932581471
202,VAL,A,202,'','',0.05474482711771946,-0.022303891882335804,-0.034851965868623706,-0.09127010297856963
203,ALA,A,203,'','',0.0552004626299135,-0.022310605778832333,-0.03547213402664141,-0.09648362121085881
204,GLU,A,204,'','',0.055239753861769346,-0.02408338544547473,-0.03681436583278796,-0.09992678269671752
205,VAL,A,205,'','',0.05313975994545607,-0.01950415516784356,-0.030561159980874178,-0.06833127363608545
206,ARG,A,206,'','',0.053602280888001175,-0.029275214466947322,-0.03829768534755474,-0.0897018480578025
207,ALA,A,207,'','',0.05387624422179805,-0.03034385399331685,-0.03941202894905369,-0.0940380000623085
208,ASP,A,208,'','',0.05380358897722683,-0.028178205060393712,-0.03773756088531297,-0.08920822092990334
209,LEU,A,209,'','',0.05059761539443626,-0.033893535177405336,-0.03758601353774899,-0.06481116082822813
210,GLU,A,210,'','',0.051350263853388714,-0.03650885815895234,-0.040438612098251614,-0.07573585223859956
211,LYS,A,211,'','',0.05159617685142963,-0.036735289371402496,-0.04087610138715182,-0.07797623301917375
212,ILE,A,212,'','',0.05088066812104648,-0.03301603803188292,-0.03719600637338032,-0.06442596269953124
213,LEU,A,213,'','',0.04938418449864482,-0.03794874565166062,-0.03893856856016492,-0.058982056772352895
214,GLY,A,214,'','',0.05094261025132482,-0.03568596488196145,-0.03925994142237095,-0.06960020916416368
215,MET,B,1,'','',-0.04513787961362742,-0.01579229085566253,0.05743994120396077,-0.032752461294133
216,ARG,B,2,'','',-0.03889170251291202,-0.01978973991851678,0.05707879192694705,0.0003100717408349863
217,ILE,B,3,'','',-0.04622199262390374,-0.013804215867302076,0.05403625375876564,-0.03713823750903336
218,ILE,B,4,'','',-0.041802422428272826,-0.016941848367105668,0.05414678621541094,-0.010738195777975057
219,LEU,B,5,'','',-0.04557868549509457,-0.012166311960400605,0.04795020211190189,-0.028030951558441566
220,LEU,B,6,'','',-0.047092160509019786,-0.009769183946233911,0.043742741405498824,-0.026411642093741885
221,GLY,B,7,'','',-0.05145681555341218,-0.0008796530142203453,0.028146178832736478,-0.03868241036640684
222,ALA,B,8,'','',-0.056406114912748745,0.012799698229310338,0.00017561829417139368,-0.03867161693650117
223,PRO,B,9,'','',-0.05645003606442125,0.01516715906645677,-0.006579793494147709,-0.031097977208645235
224,GLY,B,10,'','',-0.058903505857870624,0.02357250090975373,-0.024725002391307267,-0.02575006117256755
225,ALA,B,11,'','',-0.057440659054199254,0.017015988880606,-0.008769408027909577,-0.032311874756419494
226,GLY,B,12,'','',-0.05647575383890881,0.008737320567500107,0.012074637931850951,-0.05319753414151067
227,LYS,B,13,'','',-0.049195289783602936,-0.005236188046400176,0.035920383313267655,-0.035429907043692706
228,GLY,B,14,'','',-0.05253586315443307,-0.00605213555890076,0.045287349881009874,-0.0674279845715464
229,THR,B,15,'','',-0.05348984678865318,0.00028767619921646776,0.029525395246176554,-0.054330723511664965
230,GLN,B,16,'','',-0.05283956003093724,-0.003948747500353637,0.04020708060093223,-0.06417376302175397
231,ALA,B,17,'','',-0.048516680484533885,-0.008643673950023951,0.04408519198603861,-0.0414339093275553
232,GLN,B,18,'','',-0.05179668687537419,-0.007750723688692063,0.048517254060510634,-0.06633135923844231
233,PHE,B,19,'','',-0.05111193223549719,-0.009830172784423602,0.052959713680334954,-0.06715785597889375
234,ILE,B,20,'','',-0.04790039577174816,-0.012021539550736435,0.052431357748538084,-0.04578610490369782
235,MET,B,21,'','',-0.04890424322292723,-0.012723998997322412,0.05633251571725576,-0.056937023930556906
236,GLU,B,22,'','',-0.0499510778654307,-0.012381966327835437,0.05756078217657942,-0.06368360466835722
237,LYS,B,23,'','',-0.05043982718120279,-0.011760325947049934,0.056898347161530305,-0.06663213291016448
238,TYR,B,24,'','',-0.048215474758568834,-0.013779454375625673,0.057931543251203844,-0.05279177562378731
239,GLY,B,25,'','',-0.04981738450817781,-0.013044486883543201,0.05912163979920647,-0.06452855115056494
240,ILE,B,26,'','',-0.04487594947692494,-0.01535698744483059,0.05560216774594468,-0.03199474195623672
241,PRO,B,27,'','',-0.03415418135464311,-0.023122236145539824,0.057191352056835607,0.019343716389698336
242,GLN,B,28,'','',-0.04177090721914403,-0.01677151428387347,0.05308963356627309,-0.01875238888194648
243,ILE,B,29,'','',-0.029533484232271954,-0.024320025205043286,0.05216281469601447,0.0321646751930934
244,SER,B,30,'','',-0.03327359631720231,-0.021779473806698882,0.04980179817588967,0.01319913554372677
245,THR,B,31,'','',-0.021657238596178012,-0.026662533113666568,0.042515783758109486,0.051563546353875965
246,GLY,B,32,'','',-0.005477513806435835,-0.03247294076805342,0.02289490533241473,0.08346898437539918
247,ASP,B,33,'','',-0.014740426728371848,-0.029993959295193304,0.03556388081991734,0.07391740417000328
248,MET,B,34,'','',-0.020844196786014912,-0.02723870392613654,0.04471683727606302,0.05687381193487382
249,LEU,B,35,'','',-0.007781901086653402,-0.028814628682614276,0.03541803029765756,0.08781472938230629
250,ARG,B,36,'','',-0.004704207798655675,-0.032923397785826085,0.023590830027780865,0.09032975656137483
251,ALA,B,37,'','',-0.011299663916626543,-0.03149372039624004,0.03867979611839937,0.0994525133578513
252,ALA,B,38,'','',-0.010025300768898363,-0.03018658027116342,0.03745263912076002,0.09444679523928261
253,VAL,B,39,'','',-0.004356691695309865,-0.03068742215835543,0.032598547293198686,0.10561591244917555
254,LYS,B,40,'','',-0.00627995107465369,-0.03317617946094134,0.03245787320786276,0.11198686423376836
255,SER,B,41,'','',-0.00923677540618484,-0.031976367783070246,0.04250787877860537,0.12355009318477014
256,GLY,B,42,'','',-0.005330149486998056,-0.030378527006868158,0.03735553691293436,0.11824650730925498
257,SER,B,43,'','',-0.011982483859019098,-0.02609790050191258,0.04671929148576689,0.09506432987133617
258,GLU,B,44,'','',0.01394447072875554,0.002122366026536487,0.03819155100103665,0.09259324621341773
259,LEU,B,45,'','',-0.012101342443702897,-0.025178646264669893,0.045325087338250934,0.08309302870002314
260,GLY,B,46,'','',0.001956788509483158,-0.020241287769638704,0.03652459818146591,0.10758796011022806
261,LYS,B,47,'','',-5.720510606777896e-05,-0.02380265651159538,0.036280595041583326,0.10891561791476403
262,GLN,B,48,'','',0.00987104563613333,-0.012943054621304635,0.03009688837468573,0.08915961640900893
263,ALA,B,49,'','',-0.003643075121008528,-0.028098112828886447,0.03360844800319461,0.09618696487402233
264,LYS,B,50,'','',0.00513522858661474,-0.026578232708852075,0.024455591232717427,0.09750050513388166
265,ASP,B,51,'','',0.007565408049380987,-0.02778101774993003,0.022143668044330107,0.09925201718766909
266,ILE,B,52,'','',0.0024594274738048024,-0.02770370725346919,0.025802743434983667,0.08735174862864624
267,MET,B,53,'','',0.008119706586196776,-0.029569256832221447,0.013864277108233005,0.08134388283584437
268,ASP,B,54,'','',0.017609755602216535,-0.03842802027808636,-0.003977942730093936,0.06859336315606102
269,ALA,B,55,'','',0.013627035082790657,-0.03131750083591691,0.011689337931966463,0.0890425602865457
270,GLY,B,56,'','',0.012730431889722133,-0.032396702189963225,0.009251976884267491,0.08178425950995027
271,LYS,B,57,'','',0.0231110731423744,-0.013559163788265152,0.009980200502241635,0.05332165180392586
272,LEU,B,58,'','',0.008987998082879036,-0.030474303491158497,0.014192562647661902,0.08541060502252455
273,VAL,B,59,'','',0.0006539114143442181,-0.026251295961729707,0.026443517452041248,0.07642208094457387
274,THR,B,60,'','',0.00023089140018940057,-0.02864527013487287,0.027554909907736888,0.08753172821650186
275,ASP,B,61,'','',-0.01134388908419934,-0.0264259094158759,0.03884673677409428,0.06766182836143635
276,GLU,B,62,'','',-0.019047940364341206,-0.027169114743076605,0.048173227545901184,0.06533477295939846
277,LEU,B,63,'','',-0.004720502238774028,-0.02668288628638103,0.03416683745407854,0.08226320549250328
278,VAL,B,64,'','',-0.016849072104916527,-0.026546069472183558,0.04240235554252737,0.060452694325776074
279,ILE,B,65,'','',-0.030050623956536657,-0.023429191009908232,0.05372569077391507,0.02966187280641451
280,ALA,B,66,'','',-0.019769090854624676,-0.026598103499339835,0.05012929916729397,0.06636238437045958
281,LEU,B,67,'','',-0.016823250436710693,-0.02731380766644209,0.04488556574409855,0.07062782844842608
282,VAL,B,68,'','',-0.030658353948318482,-0.023615072637190877,0.054416386495466575,0.029796801051952267
283,LYS,B,69,'','',-0.029579784085924203,-0.024913680957272116,0.05626585500436714,0.0375859019864075
284,GLU,B,70,'','',-0.022013111993073726,-0.025618976906993666,0.052850278745070006,0.06265304638711922
285,ARG,B,71,'','',-0.029108480548017283,-0.024982664168760015,0.05415175051772238,0.036653356097058866
286,ILE,B,72,'','',-0.03317397041227536,-0.022919426415261974,0.056276501492092616,0.022627862177574207
287,ALA,B,73,'','',-0.030573725955873998,-0.026988048897727265,0.06256088422015224,0.04636549629416969
288,GLN,B,74,'','',-0.03114888719408788,-0.025282262385277875,0.060286822118423254,0.0373289363589411
289,GLU,B,75,'','',-0.032469390045270344,-0.027352584915698034,0.0656440374853634,0.043622810970483025
290,ASP,B,76,'','',-0.03561334825397376,-0.023911374186945368,0.06198463115626798,0.019758379383441424
291,CYS,B,77,'','',-0.0339402805149911,-0.023272596145878968,0.057334726560921014,0.02021851936183721
292,ARG,B,78,'','',-0.03414374916119633,-0.024979955195289845,0.06306858031855019,0.02816228169346607
293,ASN,B,79,'','',-0.044927369886041006,-0.0169020444053367,0.06010568635246561,-0.03454895878711784
294,GLY,B,80,'','',-0.03785819947576193,-0.021786479425121724,0.060266122880468724,0.00716772421809802
295,PHE,B,81,'','',-0.037442136676467945,-0.021089172200063608,0.05776308575731353,0.0055586795592601325
296,LEU,B,82,'','',-0.04391639237291634,-0.014904271732971418,0.052484499831259294,-0.025247635335425275
297,LEU,B,83,'','',-0.0405195841892538,-0.01790268864149166,0.054225589216928216,-0.00712637869230804
298,ASP,B,84,'','',-0.04022243294961253,-0.017039489948613786,0.051286520646131484,-0.008745269480520814
299,GLY,B,85,'','',-0.042029297835215744,-0.014645699633620446,0.04740912154801791,-0.0126528650297793
300,PHE,B,86,'','',-0.033392804350319,-0.021534178145787744,0.05256649357004447,0.017460971271177933
301,PRO,B,87,'','',-0.04326453503330566,-0.01494263261051257,0.05085076636214334,-0.014757933783839269
302,ARG,B,88,'','',-0.029891165337165,-0.02115112001340988,0.04043268967636094,0.02453797997698247
303,THR,B,89,'','',-0.04271510365495335,-0.017362205166954695,0.05548096064742724,-0.011097509842193784
304,ILE,B,90,'','',-0.04384812233422653,-0.016474930092213732,0.05553663420416605,-0.014087569737096859
305,PRO,B,91,'','',-0.041963301328949404,-0.020378538895697462,0.06264104078162185,-0.005622476287383726
306,GLN,B,92,'','',-0.035106478061825444,-0.021268561776534845,0.05481563005935173,0.013302937555817016
307,ALA,B,93,'','',-0.043569951447550964,-0.01633950416716776,0.05479159782069145,-0.014406316669988024
308,ASP,B,94,'','',-0.04184179429985223,-0.019471298745189342,0.06039050369920215,-0.007081851588662853
309,ALA,B,95,'','',-0.0386015928137505,-0.02183240882491908,0.061512710271146596,0.00593645391133602
310,MET,B,96,'','',-0.03937517651118871,-0.019191137723314707,0.05606092318880556,-0.0013186480281832968
311,LYS,B,97,'','',-0.041346549562784524,-0.019642887466929687,0.0603034830892599,-0.006296473233760165
312,GLU,B,98,'','',-0.040129877583734506,-0.022059687756466006,0.06431760557713234,0.00173111078318302
313,ALA,B,99,'','',-0.03309834497937742,-0.023439439865786803,0.057691729274817395,0.02390291288884299
314,GLY,B,100,'','',-0.040019545594777946,-0.021780158802118036,0.06349246730932862,0.0006471720182958467
315,ILE,B,101,'','',-0.03538716364687091,-0.021913202766979663,0.057106228710518,0.013848298882532065
316,ASN,B,102,'','',-0.03958445464938759,-0.02073718728080611,0.060305212566524616,-0.0017917465719108898
317,VAL,B,103,'','',-0.04146146484903137,-0.018260901089855595,0.05718195098512717,-0.009691103687906247
318,ASP,B,104,'','',-0.0417282413824506,-0.01949849326371349,0.060735150604265584,-0.011306043658615832
319,TYR,B,105,'','',-0.0447220569438316,-0.015320892621738916,0.05535097118231943,-0.026973297274044586
320,VAL,B,106,'','',-0.04602771176526474,-0.013290503230869834,0.051862546935407226,-0.027284813389939464
321,LEU,B,107,'','',-0.04943605805757606,-0.009157910258475333,0.04762920718167977,-0.04900860081369747
322,GLU,B,108,'','',-0.050500095459717335,-0.005997811048732256,0.040673419288662305,-0.04279583363451236
323,PHE,B,109,'','',-0.05403114921684447,0.0021810732966154166,0.025411491960743115,-0.052937052778120795
324,ASP,B,110,'','',-0.05683702047656011,0.009226696838779498,0.011921739838442965,-0.053152684683238076
325,VAL,B,111,'','',-0.05882958094337072,0.018013389981126653,-0.008594913066406041,-0.04192881774689594
326,PRO,B,112,'','',-0.058576038507760664,0.015473052892158204,-0.001859169987879141,-0.04833688878923608
327,ASP,B,113,'','',-0.05846584999581038,0.01825960913036668,-0.010702222637511508,-0.03786515611967038
328,GLU,B,114,'','',-0.059808110625015634,0.02424755732464583,-0.02460775851375545,-0.030718807599201238
329,LEU,B,115,'','',-0.05957890616317443,0.02072680369786721,-0.01456129406012612,-0.03965889569409972
330,ILE,B,116,'','',-0.05810183815870073,0.019030448461535846,-0.013569418035278646,-0.03257290673230025
331,VAL,B,117,'','',-0.057983605318962746,0.024080179043917363,-0.028764714585871497,-0.019588133466158
332,ASP,B,118,'','',-0.06447151539666494,0.04241820957235914,-0.06354188479858329,-0.00460721549230352
333,ARG,B,119,'','',-0.06108922274560496,0.029238714488993817,-0.03460034551461734,-0.022698547032537365
334,ILE,B,120,'','',-0.059309654943371516,0.029465746421107063,-0.040426420028577326,-0.011601386093345087
335,VAL,B,121,'','',-0.06302173283898714,0.041907399378614284,-0.06597383042116162,0.0017385401637729366
336,GLY,B,122,'','',-0.06711979443631343,0.05188086526070333,-0.08321163253669416,0.007904157725618088
337,ARG,B,123,'','',-0.06413906755150536,0.04557654652010663,-0.07329145730533548,0.006106204791673076
338,ARG,B,124,'','',-0.06743009277987495,0.05458055310309998,-0.08997781995679038,0.014294412570222969
339,VAL,B,125,'','',-0.06732970312039141,0.05590985027543859,-0.09410177792971328,0.018896104678237834
340,HIS,B,126,'','',-0.07235654604933633,0.07015317006782767,-0.12056266345399247,0.03349854262318512
341,ALA,B,127,'','',-0.07080451520279746,0.06635517930584832,-0.1142822013341699,0.03127532705233678
342,PRO,B,128,'','',-0.07279241350948266,0.07223147093475847,-0.12546168166890745,0.03827845935580955
343,SER,B,129,'','',-0.07388708333446523,0.0758228674659315,-0.1324764530914183,0.04357454768558693
344,GLY,B,130,'','',-0.07014324930462881,0.06395665605727725,-0.1092864693483214,0.02756838260933663
345,ARG,B,131,'','',-0.06940240385964687,0.06042916839190579,-0.1011654491160031,0.020585519038499502
346,VAL,B,132,'','',-0.06741837030406309,0.05439122408858944,-0.08958121991113029,0.013622880846167524
347,TYR,B,133,'','',-0.0687286639779117,0.05727378612022146,-0.094019693601919,0.014815453631633517
348,HIS,B,134,'','',-0.06273435306812035,0.038575796560857294,-0.05723780939277578,-0.0054029305081543955
349,VAL,B,135,'','',-0.06750009754614719,0.05210961108635048,-0.08268857938967768,0.006400048617142068
350,LYS,B,136,'','',-0.06662577063083722,0.04945476868428826,-0.07772042338202065,0.003437693472015752
351,PHE,B,137,'','',-0.06405361285342623,0.03933037319405388,-0.0555309715504127,-0.010997604631249748
352,ASN,B,138,'','',-0.06814596928986576,0.05483873530160517,-0.08881320774060361,0.010710405086890338
353,PRO,B,139,'','',-0.06898912319982531,0.05717064260599211,-0.09289506429182293,0.013033623451761
354,PRO,B,140,'','',-0.07282188143775749,0.07068145976388134,-0.12052339009571471,0.03204432942812919
355,LYS,B,141,'','',-0.072763572834522,0.06979289637889644,-0.11808430110286057,0.02940025706070504
356,VAL,B,142,'','',-0.07578328012005242,0.08065678994458075,-0.14020883862767577,0.045892878335522025
357,GLU,B,143,'','',-0.0741104084185964,0.07451989736748156,-0.12767539481566711,0.03611189370386674
358,GLY,B,144,'','',-0.07472943307786473,0.07723129307070038,-0.13360913415322148,0.04128588070479044
359,LYS,B,145,'','',-0.07371012970796914,0.07427665960279667,-0.1282470297611133,0.03803716665880366
360,ASP,B,146,'','',-0.07252897944554412,0.07007124519975476,-0.11975256016857692,0.03185915239952454
361,ASP,B,147,'','',-0.07344496745618251,0.07297369662524472,-0.1253204491784835,0.035463141011552804
362,VAL,B,148,'','',-0.0700694816696023,0.06156064754359788,-0.10251944861783722,0.019887841370148426
363,THR,B,149,'','',-0.07222379984500653,0.06917558089734113,-0.11807542226494877,0.03089349685081169
364,GLY,B,150,'','',-0.07377025081942781,0.07417205071600591,-0.12780312331394506,0.03727334073261678
365,GLU,B,151,'','',-0.07362641542583823,0.07396025575815582,-0.12763752309991214,0.037591215588904214
366,GLU,B,152,'','',-0.073197029637545,0.0730328390021675,-0.12615315089428192,0.03719833963610807
367,LEU,B,153,'','',-0.07192488757984371,0.06850908385218664,-0.11698145811903397,0.030722294366077898
368,THR,B,154,'','',-0.06778026330728816,0.05814018139843741,-0.0990443015927823,0.022710149640488377
369,THR,B,155,'','',-0.06332538837228267,0.045537122785938564,-0.07591034396414455,0.01049520741554028
370,ARG,B,156,'','',-0.0623565231165266,0.04482237612013941,-0.07575989923251532,0.012447127306485596
371,LYS,B,157,'','',-0.058534292933254614,0.03485137334473311,-0.058464367702929385,0.00549857665434457
372,ASP,B,158,'','',-0.044506937674651484,0.015342391023099037,-0.03767530155670598,0.017410383377610434
373,ASP,B,159,'','',-0.05888861234927817,0.03375958630186208,-0.05432543431365364,0.0005503913679765311
374,GLN,B,160,'','',-0.060086432367304106,0.03793998908410924,-0.06259214259529348,0.005317239398443795
375,GLU,B,161,'','',-0.05835815579593126,0.030586570008816233,-0.04686694754629795,-0.004937606119624865
376,GLU,B,162,'','',-0.05805488355018128,0.02833856979459379,-0.041813450704542406,-0.008710598333149284
377,THR,B,163,'','',-0.05560883979256043,0.028333523750885384,-0.04742555636518926,0.0024475553769861425
378,VAL,B,164,'','',-0.05384673370714569,0.023618218381804175,-0.038168236021068606,-0.0019136338894329302
379,ARG,B,165,'','',-0.05725433792530651,0.023359080221583957,-0.029137229767334422,-0.01654562029162186
380,LYS,B,166,'','',-0.055911400629484125,0.01880825265313035,-0.019669520749820507,-0.018386387262681273
381,ARG,B,167,'','',-0.05538374140210579,0.020699129439461967,-0.025618030249335004,-0.012529459098546148
382,LEU,B,168,'','',-0.05681250730018681,0.01775713650505098,-0.013497052402916765,-0.02759790301266095
383,VAL,B,169,'','',-0.05488155406074915,0.013248374474278495,-0.005894935225187142,-0.023152385027650046
384,GLU,B,170,'','',-0.053893100248045396,0.010218494187129461,0.0005088771333737649,-0.02387562545410086
385,TYR,B,171,'','',-0.050576129946024256,-0.00019869037295054969,0.02357220036917415,-0.02652627415636812
386,HIS,B,172,'','',-0.053184015477131565,0.005378359429717484,0.012874336494782446,-0.029358258289290944
387,GLN,B,173,'','',-0.050340203887916,-0.003033418360338386,0.03038198207939337,-0.02809077204530303
388,MET,B,174,'','',-0.04793212823856378,-0.004399506522085458,0.02931125682588427,-0.020643795503606274
389,THR,B,175,'','',-0.049954529061426264,-0.004708553141373049,0.03429946075910579,-0.0290654365545416
390,ALA,B,176,'','',-0.04948096285791252,-0.005139915511297803,0.03449116356694349,-0.02766697750838071
391,PRO,B,177,'','',-0.048332575909412465,-0.008256101622123074,0.04098663262271585,-0.025915526628781688
392,LEU,B,178,'','',-0.04437300085773756,-0.01363850648066993,0.04867720963263268,-0.017356801209987668
393,ILE,B,179,'','',-0.04768902760559942,-0.010855078867913391,0.047682729779987,-0.029987738923085205
394,GLY,B,180,'','',-0.048062501056879585,-0.01209243358104761,0.05121552000302462,-0.03081505651031363
395,TYR,B,181,'','',-0.04514809064313768,-0.016097319160199772,0.057084878373301,-0.02079206754823895
396,TYR,B,182,'','',-0.04604539169404787,-0.013469220163256277,0.05195615850289136,-0.02582661691935422
397,SER,B,183,'','',-0.047457728094936875,-0.015430660454534978,0.05967206558893311,-0.0334740000721106
398,LYS,B,184,'','',-0.047409809678034286,-0.016126044945300583,0.061428507150749594,-0.03379911933423199
399,GLU,B,185,'','',-0.04645324239954629,-0.01728762133001389,0.06303086406336304,-0.030815222009539085
400,ALA,B,186,'','',-0.048081214567776726,-0.01410766438382977,0.057646563477636074,-0.03857351474096533
401,GLU,B,187,'','',-0.04809721406047188,-0.017592733220457377,0.06684236815685535,-0.03988683036519349
402,ALA,B,188,'','',-0.047783640964188946,-0.01810562620751074,0.06770800977023297,-0.039043173929328864
403,GLY,B,189,'','',-0.047782602384816915,-0.017669614976917544,0.06659562479345016,-0.039147067187673974
404,ASN,B,190,'','',-0.043187167701288595,-0.018614671955405074,0.06095776585437208,-0.016750091414935758
405,THR,B,191,'','',-0.04617538556796798,-0.014781873243622748,0.056005432139651035,-0.029157999191408053
406,LYS,B,192,'','',-0.04845385217872994,-0.013193274044617611,0.05611178167401682,-0.04164701701815609
407,TYR,B,193,'','',-0.04802680879732228,-0.012205637911238796,0.0524125165646629,-0.035759861278219805
408,ALA,B,194,'','',-0.05068035332663972,-0.008790640483617952,0.048877958046355044,-0.05321202585561068
409,LYS,B,195,'','',-0.054778945233759986,0.0008165208823696442,0.030972365784188015,-0.06177149428632223
410,VAL,B,196,'','',-0.053369783911028,-0.0024875567156913037,0.03728718233753557,-0.06204370023304288
411,ASP,B,197,'','',-0.05583750543359005,0.0031107956678807433,0.026984362548208372,-0.0667337795687915
412,GLY,B,198,'','',-0.05808370956240822,0.013587966847270202,0.002548123061260204,-0.05074384840517061
413,THR,B,199,'','',-0.059421312350585044,0.018968569827345225,-0.009625366730638055,-0.04438750109405344
414,LYS,B,200,'','',-0.05681953423432029,0.0024114224532029755,0.0314569593421016,-0.08414992084896777
415,PRO,B,201,'','',-0.058535394332520155,0.008368237578919024,0.018598961774837816,-0.08020957924816664
416,VAL,B,202,'','',-0.056649118190817145,-4.0424779831672705e-05,0.03810282795886768,-0.09369210236477059
417,ALA,B,203,'','',-0.056866496459572924,-0.00031875883438768626,0.03945316271033314,-0.09807665172954089
418,GLU,B,204,'','',-0.056870363538612655,-0.0007365057313578824,0.040667192973758905,-0.09997441357556122
419,VAL,B,205,'','',-0.0550303693106435,0.0007480932518761016,0.031898748243798916,-0.0690114628071768
420,ARG,B,206,'','',-0.055079893286454684,-0.003522462722546159,0.04431298501243052,-0.08898018975298123
421,ALA,B,207,'','',-0.0549883859713474,-0.004583311110382737,0.04714684207189613,-0.0922335447842092
422,ASP,B,208,'','',-0.05476144096984999,-0.004204982193184034,0.04550836592602539,-0.08725976948737091
423,LEU,B,209,'','',-0.05153502386680834,-0.007617510531255256,0.04777876656237001,-0.06359145585328832
424,GLU,B,210,'','',-0.05192701412648372,-0.008914421556403554,0.05234170567805634,-0.07294590374453756
425,LYS,B,211,'','',-0.05126539130678684,-0.009838013505131103,0.0534734537766381,-0.06888254531740931
426,ILE,B,212,'','',-0.051206967639031375,-0.007557530394164867,0.04687821941106487,-0.05907397229771625
427,LEU,B,213,'','',-0.04756816211123824,-0.013336762105501623,0.055498114177550295,-0.046241833480907664
428,GLY,B,214,'','',-0.05117831239377773,-0.009414715702581046,0.052011822742966084,-0.065729913809082
