4;13.0000000;ILE;A;4;'';''
13;12.0000000;LYS;A;13;'';''
20;13.0000000;ILE;A;20;'';''
29;12.0000000;ILE;A;29;'';''
34;13.0000000;MET;A;34;'';''
36;13.0000000;ARG;A;36;'';''
39;13.0000000;VAL;A;39;'';''
52;12.0000000;ILE;A;52;'';''
53;12.0000000;MET;A;53;'';''
63;12.0000000;LEU;A;63;'';''
64;12.0000000;VAL;A;64;'';''
65;13.0000000;ILE;A;65;'';''
67;12.0000000;LEU;A;67;'';''
71;12.0000000;ARG;A;71;'';''
81;13.0000000;PHE;A;81;'';''
86;12.0000000;PHE;A;86;'';''
92;12.0000000;GLN;A;92;'';''
93;12.0000000;ALA;A;93;'';''
96;14.0000000;MET;A;96;'';''
105;12.0000000;TYR;A;105;'';''
107;12.0000000;LEU;A;107;'';''
109;13.0000000;PHE;A;109;'';''
116;14.0000000;ILE;A;116;'';''
117;12.0000000;VAL;A;117;'';''
119;13.0000000;ARG;A;119;'';''
121;12.0000000;VAL;A;121;'';''
123;13.0000000;ARG;A;123;'';''
133;13.0000000;TYR;A;133;'';''
164;13.0000000;VAL;A;164;'';''
168;13.0000000;LEU;A;168;'';''
171;12.0000000;TYR;A;171;'';''
178;12.0000000;LEU;A;178;'';''
181;12.0000000;TYR;A;181;'';''
182;14.0000000;TYR;A;182;'';''
205;13.0000000;VAL;A;205;'';''
209;14.0000000;LEU;A;209;'';''
217;12.0000000;ILE;B;3;'';''
218;13.0000000;ILE;B;4;'';''
220;13.0000000;LEU;B;6;'';''
227;12.0000000;LYS;B;13;'';''
230;12.0000000;GLN;B;16;'';''
234;12.0000000;ILE;B;20;'';''
240;12.0000000;ILE;B;26;'';''
243;12.0000000;ILE;B;29;'';''
248;13.0000000;MET;B;34;'';''
250;13.0000000;ARG;B;36;'';''
266;13.0000000;ILE;B;52;'';''
267;12.0000000;MET;B;53;'';''
268;12.0000000;ASP;B;54;'';''
277;12.0000000;LEU;B;63;'';''
278;12.0000000;VAL;B;64;'';''
279;14.0000000;ILE;B;65;'';''
281;12.0000000;LEU;B;67;'';''
285;12.0000000;ARG;B;71;'';''
295;14.0000000;PHE;B;81;'';''
300;12.0000000;PHE;B;86;'';''
306;12.0000000;GLN;B;92;'';''
307;12.0000000;ALA;B;93;'';''
310;15.0000000;MET;B;96;'';''
315;12.0000000;ILE;B;101;'';''
319;12.0000000;TYR;B;105;'';''
321;12.0000000;LEU;B;107;'';''
323;15.0000000;PHE;B;109;'';''
330;14.0000000;ILE;B;116;'';''
331;12.0000000;VAL;B;117;'';''
333;13.0000000;ARG;B;119;'';''
334;12.0000000;ILE;B;120;'';''
337;12.0000000;ARG;B;123;'';''
347;14.0000000;TYR;B;133;'';''
378;12.0000000;VAL;B;164;'';''
382;13.0000000;LEU;B;168;'';''
385;12.0000000;TYR;B;171;'';''
392;13.0000000;LEU;B;178;'';''
395;12.0000000;TYR;B;181;'';''
396;15.0000000;TYR;B;182;'';''
419;13.0000000;VAL;B;205;'';''
423;13.0000000;LEU;B;209;'';''
