1	-9.678	-24.042	-11.481
2	-6.736	-23.221	-6.531
3	-5.868	-19.813	-12.119
4	-1.554	-17.802	-10.809
5	-3.247	-14.219	-14.525
6	1.531	-13.962	-14.589
7	1.629	-9.806	-16.463
8	2.817	-7.097	-18.065
9	2.679	-3.798	-17.140
10	-0.210	-3.526	-20.681
11	-0.696	-6.721	-21.766
12	-4.027	-7.434	-21.066
13	-3.698	-9.790	-17.316
14	-7.941	-9.019	-18.260
15	-8.799	-9.472	-21.649
16	-9.377	-13.678	-21.419
17	-11.077	-12.747	-16.716
18	-15.531	-11.544	-17.791
19	-13.277	-17.401	-20.388
20	-11.436	-17.496	-16.434
21	-14.911	-15.432	-13.491
22	-18.736	-16.974	-17.476
23	-16.144	-21.841	-18.452
24	-13.566	-22.531	-15.162
25	-16.885	-20.145	-10.953
26	-13.686	-18.706	-10.350
27	-13.364	-15.573	-7.824
28	-10.527	-11.128	-9.981
29	-8.392	-12.748	-5.765
30	-6.563	-8.549	-5.973
31	-3.562	-7.867	-3.357
32	-5.941	-4.652	-3.297
33	-9.362	-5.681	-4.259
34	-7.365	-8.863	-0.285
35	-5.545	-4.992	1.514
36	-8.625	-1.925	-1.255
37	-11.566	-5.931	2.491
38	-9.789	-6.355	5.613
39	-9.766	-2.715	6.641
40	-14.566	-3.607	5.185
41	-14.174	-6.473	7.686
42	-12.721	-6.024	11.272
43	-10.470	-8.492	10.920
44	-6.561	-9.523	14.045
45	-5.273	-9.900	9.861
46	-7.337	-5.830	9.049
47	-8.010	-3.934	12.267
48	-2.749	-6.581	11.682
49	-3.622	-3.680	7.541
50	-6.566	0.279	9.235
51	-2.865	0.359	11.457
52	0.465	-1.026	7.851
53	-2.735	1.288	4.640
54	-3.568	4.289	7.902
55	1.259	4.631	8.396
56	2.565	4.313	5.237
57	3.595	1.153	7.487
58	4.747	-1.657	2.598
59	1.997	-4.905	3.456
60	4.494	-7.629	5.196
61	5.324	-10.884	2.120
62	4.836	-11.957	6.062
63	-0.188	-9.319	6.438
64	-0.139	-10.680	1.997
65	0.316	-15.026	2.546
66	-2.776	-14.073	5.640
67	-4.978	-11.261	3.795
68	-4.562	-15.107	0.568
69	-4.480	-18.496	4.576
70	-8.777	-14.345	5.585
71	-11.056	-14.147	0.005
72	-8.767	-18.665	-0.203
73	-11.842	-19.319	3.075
74	-14.204	-16.091	1.690
75	-18.153	-19.546	1.576
76	-16.402	-16.912	-2.929
77	-13.361	-19.568	-3.105
78	-16.806	-23.840	-1.640
79	-15.521	-23.450	-7.229
80	-11.738	-21.342	-6.614
81	-8.344	-19.200	-6.326
82	-8.365	-15.541	-10.967
83	-4.394	-14.865	-7.846
84	-4.590	-10.553	-10.825
85	-0.607	-10.678	-9.706
86	0.351	-12.677	-5.204
87	2.772	-14.379	-6.826
88	4.105	-9.313	-6.472
89	8.229	-12.754	-5.400
90	10.672	-16.846	-5.482
91	9.793	-15.066	-1.905
92	5.511	-13.476	-2.558
93	5.601	-18.362	-3.955
94	8.083	-20.735	-1.334
95	4.776	-19.052	1.071
96	1.392	-19.417	-1.659
97	4.636	-24.561	-1.628
98	5.550	-23.678	2.921
99	0.425	-22.537	3.478
100	-1.068	-24.912	1.148
101	-1.857	-21.929	-1.036
102	-2.663	-25.644	-4.321
103	-1.854	-23.457	-8.012
104	-4.331	-26.058	-10.626
105	-3.773	-24.452	-14.493
106	0.743	-20.580	-13.820
107	-1.687	-18.651	-16.935
108	3.304	-15.740	-19.021
109	-1.503	-12.451	-21.361
110	3.508	-12.933	-23.921
111	2.675	-8.803	-24.829
112	5.696	-8.077	-26.909
113	8.187	-5.019	-24.013
114	8.577	-2.462	-28.309
115	3.864	-4.574	-29.121
116	3.293	-2.987	-24.197
117	5.698	0.727	-25.727
118	3.802	0.807	-29.420
119	-0.559	-2.221	-27.201
120	0.908	2.885	-23.633
121	3.523	5.911	-25.803
122	0.214	6.680	-28.173
123	-2.371	6.258	-23.944
124	-2.204	11.379	-27.627
125	-5.987	11.996	-22.796
126	-10.439	15.547	-22.562
127	-8.584	15.440	-19.032
128	-11.514	17.266	-18.598
129	-13.406	13.326	-19.687
130	-11.227	10.584	-19.925
131	-13.301	11.878	-23.364
132	-8.775	7.386	-24.561
133	-8.820	9.850	-27.973
134	-3.393	5.107	-30.122
135	-2.227	8.137	-32.672
136	-1.411	4.839	-34.183
137	-4.332	1.700	-32.097
138	-8.545	5.711	-30.830
139	-7.881	8.276	-34.059
140	-8.816	11.994	-32.958
141	-13.454	12.978	-35.340
142	-9.978	16.730	-34.869
143	-5.321	14.103	-34.603
144	-5.686	16.695	-31.049
145	-8.550	18.946	-31.274
146	-12.208	16.095	-27.628
147	-14.099	14.270	-30.979
148	-17.261	15.955	-27.320
149	-15.073	19.455	-26.356
150	-12.811	20.873	-28.855
151	-10.895	20.568	-24.950
152	-6.092	20.391	-27.425
153	-6.212	15.804	-26.482
154	-3.279	15.326	-23.054
155	0.004	12.927	-22.691
156	-2.286	9.392	-18.639
157	3.819	11.477	-16.382
158	1.735	7.097	-16.486
159	1.222	7.297	-21.059
160	6.446	9.670	-20.765
161	8.751	6.027	-24.447
162	11.132	7.680	-18.968
163	7.717	5.864	-17.387
164	6.616	2.618	-20.079
165	10.846	1.528	-22.964
166	11.430	3.016	-15.950
167	5.931	0.912	-15.777
168	8.337	-3.147	-18.827
169	12.944	-3.227	-16.548
170	10.680	-2.968	-12.108
171	7.227	-7.593	-14.964
172	10.705	-8.369	-17.399
173	14.444	-6.908	-12.425
174	10.244	-8.684	-10.114
175	8.930	-11.835	-12.993
176	12.231	-13.979	-14.268
177	12.945	-15.455	-11.263
178	8.256	-16.291	-10.424
179	8.457	-17.460	-14.744
180	11.183	-20.432	-13.222
181	9.135	-21.404	-8.207
182	5.390	-20.855	-10.493
183	8.748	-24.011	-14.771
184	12.291	-26.034	-11.570
185	7.129	-26.385	-9.141
186	5.722	-27.914	-13.591
187	9.585	-29.483	-15.029
188	7.515	-31.404	-10.540
189	3.959	-31.633	-10.811
190	3.780	-29.420	-7.882
191	1.801	-26.690	-11.303
192	-0.770	-27.208	-14.510
193	4.124	-22.035	-17.296
194	1.304	-21.529	-19.531
195	3.909	-18.748	-22.481
196	-0.654	-16.830	-23.443
197	0.311	-14.896	-27.896
198	-1.472	-11.662	-26.523
199	-0.330	-11.053	-29.839
200	-3.452	-14.626	-30.671
201	-7.097	-12.860	-31.680
202	-9.755	-11.954	-27.819
203	-11.002	-15.272	-29.978
204	-6.914	-17.222	-31.512
205	-6.616	-16.060	-26.555
206	-12.683	-17.820	-25.603
207	-9.363	-20.771	-27.676
208	-5.559	-20.956	-26.983
209	-7.291	-20.233	-22.375
210	-11.413	-23.412	-23.884
211	-6.969	-25.517	-26.479
212	-4.571	-24.594	-21.524
213	-7.790	-24.598	-18.605
214	-11.203	-27.127	-19.336
215	-10.756	25.276	12.220
216	-7.805	24.365	7.240
217	-7.019	20.957	12.902
218	-2.634	18.935	11.813
219	-4.323	15.407	15.459
220	0.340	15.223	15.246
221	0.531	11.233	17.520
222	1.671	8.444	19.169
223	1.760	5.208	18.137
224	-1.231	5.113	21.500
225	-1.711	8.240	22.660
226	-5.215	8.920	22.241
227	-4.797	11.177	18.500
228	-9.166	10.418	19.373
229	-10.027	10.811	22.643
230	-10.172	14.761	22.427
231	-12.070	14.138	17.729
232	-16.596	12.832	18.779
233	-14.341	18.503	21.561
234	-12.461	18.827	17.456
235	-15.793	16.528	14.726
236	-19.805	18.160	18.441
237	-16.384	23.437	19.146
238	-14.574	23.922	15.976
239	-17.941	21.457	11.782
240	-14.802	19.934	11.269
241	-14.541	16.822	8.682
242	-11.684	12.521	11.229
243	-9.247	13.888	7.017
244	-7.599	9.779	6.957
245	-4.487	9.335	4.303
246	-6.412	5.918	4.254
247	-10.078	6.397	5.026
248	-8.074	9.816	1.304
249	-6.116	6.152	-0.315
250	-9.127	2.751	2.277
251	-12.325	6.053	-1.372
252	-10.552	7.003	-4.444
253	-9.889	3.265	-5.487
254	-14.812	3.885	-4.175
255	-14.640	6.410	-6.652
256	-13.115	6.243	-9.990
257	-10.765	8.777	-9.872
258	-7.018	10.012	-12.991
259	-5.975	10.581	-8.607
260	-7.595	6.279	-7.845
261	-7.919	4.225	-11.247
262	-2.859	7.238	-10.620
263	-3.728	4.358	-6.430
264	-6.356	0.289	-8.247
265	-2.460	0.634	-10.481
266	0.674	1.986	-6.812
267	-2.332	-0.346	-3.633
268	-2.955	-3.825	-7.022
269	1.932	-3.445	-7.313
270	3.102	-3.190	-3.997
271	4.184	-0.128	-6.180
272	4.571	3.457	-1.328
273	1.419	5.807	-2.503
274	3.514	9.023	-4.462
275	4.412	11.876	-1.167
276	3.992	13.131	-5.217
277	-1.049	10.530	-5.608
278	-1.223	11.716	-0.950
279	-0.608	16.182	-1.526
280	-3.739	15.362	-4.694
281	-6.036	12.368	-2.987
282	-5.523	16.133	0.362
283	-5.844	19.813	-3.577
284	-9.624	15.468	-4.472
285	-12.126	15.395	1.103
286	-9.677	19.891	1.179
287	-12.676	20.395	-2.062
288	-15.489	17.950	-0.830
289	-19.025	19.626	0.254
290	-17.328	18.319	3.856
291	-14.294	20.860	4.011
292	-17.769	24.854	2.709
293	-16.637	24.721	8.257
294	-12.967	22.389	7.427
295	-9.249	20.375	7.413
296	-9.451	16.744	11.894
297	-5.455	16.002	8.679
298	-5.629	11.759	11.638
299	-1.705	11.931	10.553
300	-0.543	13.774	6.130
301	1.885	15.553	7.779
302	3.114	10.430	7.194
303	7.348	13.900	6.443
304	9.606	18.004	6.419
305	8.750	16.443	2.633
306	4.504	14.789	3.522
307	4.570	19.672	4.770
308	7.152	21.716	2.114
309	3.838	19.859	-0.265
310	0.504	20.523	2.551
311	3.677	25.599	2.323
312	4.692	24.289	-2.188
313	-0.590	23.470	-2.641
314	-2.029	25.810	-0.338
315	-2.851	22.751	1.881
316	-2.622	26.482	4.805
317	-3.052	24.543	8.914
318	-5.390	27.178	11.494
319	-4.732	25.880	15.526
320	-0.279	21.824	14.734
321	-2.821	19.844	17.952
322	2.311	17.130	19.881
323	-2.434	13.847	22.378
324	2.597	14.252	24.843
325	1.632	10.153	25.841
326	4.613	9.269	27.934
327	7.131	6.192	25.174
328	7.337	4.052	29.508
329	2.478	6.052	30.067
330	2.039	4.358	25.244
331	4.216	0.580	26.969
332	2.081	0.810	30.630
333	-1.971	3.786	28.333
334	-0.405	-1.422	24.825
335	1.715	-4.450	27.724
336	-1.882	-4.616	29.701
337	-4.163	-4.336	25.308
338	-4.467	-9.412	28.923
339	-7.765	-10.336	24.203
340	-12.222	-13.866	23.863
341	-9.698	-14.404	20.743
342	-12.700	-15.834	20.019
343	-14.405	-11.839	20.346
344	-11.942	-9.342	20.609
345	-14.965	-10.160	23.815
346	-10.620	-5.659	25.130
347	-11.177	-7.890	28.881
348	-5.762	-2.984	30.876
349	-4.826	-5.702	33.900
350	-3.499	-2.363	34.957
351	-6.752	0.685	32.855
352	-10.546	-2.767	31.534
353	-10.664	-5.545	34.856
354	-11.394	-9.250	33.897
355	-16.373	-9.023	36.051
356	-13.486	-13.363	35.764
357	-8.709	-13.725	38.004
358	-8.405	-14.334	33.006
359	-11.153	-16.249	33.019
360	-14.648	-14.006	28.771
361	-16.624	-11.889	31.977
362	-19.061	-14.150	28.517
363	-17.292	-17.293	27.383
364	-14.832	-17.910	30.259
365	-13.439	-18.959	26.601
366	-7.684	-18.087	29.223
367	-8.127	-13.687	28.369
368	-5.333	-14.048	24.686
369	-1.860	-11.584	24.191
370	-3.302	-8.261	20.116
371	2.311	-11.150	18.070
372	0.341	-6.658	17.641
373	-0.144	-5.678	22.239
374	4.765	-8.277	21.869
375	7.343	-4.333	26.068
376	10.045	-6.195	20.980
377	6.490	-4.587	18.795
378	5.243	-1.237	21.414
379	9.388	-0.124	24.181
380	10.166	-1.973	17.645
381	4.696	0.570	17.142
382	7.259	4.362	20.031
383	11.657	4.295	18.051
384	9.836	4.035	13.256
385	6.103	8.815	15.988
386	9.378	9.606	18.634
387	13.342	8.081	14.086
388	9.273	9.757	11.320
389	7.836	13.054	14.208
390	11.116	15.245	15.371
391	11.920	16.647	12.428
392	7.318	17.479	11.360
393	7.564	18.686	15.804
394	10.236	21.690	14.252
395	8.085	22.514	9.244
396	4.488	22.085	11.547
397	7.616	25.083	15.954
398	11.062	27.119	13.107
399	6.074	27.395	10.036
400	4.816	29.349	14.414
401	8.941	30.903	15.668
402	6.725	32.597	11.447
403	3.147	32.717	11.587
404	2.896	30.643	8.761
405	0.763	27.927	12.118
406	-1.491	28.592	15.244
407	3.049	23.286	18.092
408	0.138	22.726	20.352
409	2.830	20.008	23.106
410	-1.825	18.289	24.315
411	-0.760	16.659	28.946
412	-2.528	13.247	27.713
413	-1.603	12.611	30.974
414	-4.330	16.230	31.602
415	-8.091	14.217	32.847
416	-10.743	13.462	28.923
417	-12.133	16.835	30.862
418	-7.950	18.891	32.317
419	-7.788	17.481	27.378
420	-13.657	19.123	26.486
421	-10.471	22.397	28.454
422	-6.661	22.259	27.807
423	-8.486	21.613	23.329
424	-12.594	24.638	24.891
425	-7.779	26.938	27.022
426	-5.698	25.919	22.550
427	-8.860	25.915	19.402
428	-11.976	28.718	21.351
